Name,Position,Club,Pack,Nation,Overall,MaxLevel,MaxOverall,Mode,Link
Erling Haaland,CF,Manchester B,English League 25-26 Season's Best,Norway,88,32,102,dream-team,https://pesdb.net/efootball/players/erling-haaland-106778255821223
Kylian Mbappé,CF,Paris Saint-Germain,Show Time Ligue 1 Uber Eats 22-23,France,88,26,99,dream-team,https://pesdb.net/efootball/players/kylian-mbappe-106653970182270
Manuel Neuer,GK,Germany,Living Legends 2026,Germany,88,28,103,dream-team,https://pesdb.net/efootball/players/manuel-neuer-106788187832737
Cristian Romero,CB,Argentina,Tournament Stars 2026,Argentina,87,27,101,dream-team,https://pesdb.net/efootball/players/cristian-romero-106787919475376
Enzo Fernández,CMF,Argentina,Victory Drivers 2026,Argentina,87,32,100,dream-team,https://pesdb.net/efootball/players/enzo-fernandez-106788456363289
Erling Haaland,CF,Norway,International Cup vol.5,Norway,87,32,102,dream-team,https://pesdb.net/efootball/players/erling-haaland-106782550788519
Erling Haaland,CF,Manchester B,Offensive Genius 25 Aug '25,Norway,87,32,101,dream-team,https://pesdb.net/efootball/players/erling-haaland-106754901936551
Erling Haaland,CF,Manchester B,Show Time 2 Mar '23,Norway,87,24,98,dream-team,https://pesdb.net/efootball/players/erling-haaland-106652628027815
Harry Kane,CF,England,Tournament Stars 2026,England,87,33,102,dream-team,https://pesdb.net/efootball/players/harry-kane-106787919411383
João Pedro,CF,Chelsea B,Anticipated Standouts 26-27,Brazil,87,34,102,dream-team,https://pesdb.net/efootball/players/joao-pedro-106786308879147
Jude Bellingham,CMF,Madrid Chamartin B,Magnetic Feet 29 Jan '26,England,87,35,101,dream-team,https://pesdb.net/efootball/players/jude-bellingham-106765907789637
Jude Bellingham,AMF,Madrid Chamartin B,Squad Pillars 24-25 Season's Best,England,87,36,101,dream-team,https://pesdb.net/efootball/players/jude-bellingham-106752486016837
Jude Bellingham,AMF,Madrid Chamartin B,Show Time Spanish League 23-24,England,87,35,101,dream-team,https://pesdb.net/efootball/players/jude-bellingham-106728863696709
Kevin De Bruyne,AMF,Belgium,Living Legends 2026,Belgium,87,31,101,dream-team,https://pesdb.net/efootball/players/kevin-de-bruyne-106788187843931
Kylian Mbappé,CF,Madrid Chamartin B,Spanish League 25-26 Season's Best,France,87,34,101,dream-team,https://pesdb.net/efootball/players/kylian-mbappe-106777987362942
Michael Olise,AMF,France,Pressure-Proof 2026,France,87,32,100,dream-team,https://pesdb.net/efootball/players/michael-olise-106788724799833
Mohamed Salah,RWF,Liverpool R,Over-the-Top Pass C 5 Feb '26,Egypt,87,31,101,dream-team,https://pesdb.net/efootball/players/mohamed-salah-106768055197475
Ousmane Dembélé,RWF,France,International Cup vol.3,France,87,32,101,dream-team,https://pesdb.net/efootball/players/ousmane-dembele-106782013894690
Ousmane Dembélé,CF,Paris Saint-Germain,Standout Attackers 25-26 Season's Best,France,87,32,101,dream-team,https://pesdb.net/efootball/players/ousmane-dembele-106773692395554
Robert Lewandowski,CF,FC Barcelona,Show Time Spanish League 22-23,Poland,87,25,98,dream-team,https://pesdb.net/efootball/players/robert-lewandowski-106654775417922
Rodri,DMF,Spain,World Player of the Year 2024,Spain,87,35,101,dream-team,https://pesdb.net/efootball/players/rodri-106732621770975
Suzuki Zion,GK,Japan,Japan Selection 11 Jul '26,Japan,87,28,102,dream-team,https://pesdb.net/efootball/players/suzuki-zion-106783356096959
Unai Simón,GK,Spain,Spain 2026,Spain,87,30,102,dream-team,https://pesdb.net/efootball/players/unai-simon-106787651035597
Vinícius Júnior,LWF,Madrid Chamartin B,Standout Attackers 25-26 Season's Best,Brazil,87,35,102,dream-team,https://pesdb.net/efootball/players/vinicius-junior-106773692401975
Virgil van Dijk,CB,Liverpool R,Over-the-Top Pass C 5 Feb '26,Netherlands,87,28,101,dream-team,https://pesdb.net/efootball/players/virgil-van-dijk-106768055185192
Vitinha,DMF,Paris Saint-Germain,European Club Championship 25-26 Season's Best,Portugal,87,33,101,dream-team,https://pesdb.net/efootball/players/vitinha-106778524258203
Achraf Hakimi,RB,Paris Saint-Germain,Standout Guardians 25-26 Season's Best,Morocco,86,33,100,dream-team,https://pesdb.net/efootball/players/achraf-hakimi-106776645188904
Antoine Semenyo,RWF,Bournemouth RB,English League Selection 22 Dec '25,Ghana,86,32,100,dream-team,https://pesdb.net/efootball/players/antoine-semenyo-106763223426410
Arda Güler,AMF,Türkiye,National Team Selection Türkiye 23 Mar '26,Türkiye,86,30,99,dream-team,https://pesdb.net/efootball/players/arda-guler-106778792700170
Arda Güler,AMF,Madrid Chamartin B,Breakthrough Pass A 8 Jan '26,Türkiye,86,32,100,dream-team,https://pesdb.net/efootball/players/arda-guler-106764028750090
Bruno Fernandes,AMF,Manchester United,Attack Trigger 19 Feb '26,Portugal,86,33,100,dream-team,https://pesdb.net/efootball/players/bruno-fernandes-106768592071776
Bruno Guimarães,DMF,Arsenal FC,Summer Transfer 27 Aug '26,Brazil,86,35,101,dream-team,https://pesdb.net/efootball/players/bruno-guimaraes-106799730641209
Bryan Mbeumo,RWF,Manchester United,Manchester United Selection 16 Feb '26,Cameroon,86,34,100,dream-team,https://pesdb.net/efootball/players/bryan-mbeumo-106760002199005
Bukayo Saka,RWF,Arsenal FC,Diagonal Long Pass B 6 Nov '25,England,86,35,101,dream-team,https://pesdb.net/efootball/players/bukayo-saka-106759733768760
Cole Palmer,AMF,Chelsea B,Standout Lefties 3 Feb '25,England,86,30,99,dream-team,https://pesdb.net/efootball/players/cole-palmer-106738795813804
Dani Olmo,AMF,Spain,Spain 2026,Spain,86,32,100,dream-team,https://pesdb.net/efootball/players/dani-olmo-106787651039542
David Raya,GK,Arsenal FC,European Club Championship 25-26 Season's Best,Spain,86,30,101,dream-team,https://pesdb.net/efootball/players/david-raya-106778524224656
Dayot Upamecano,CB,France,Featured Match 28 Sep '26,France,86,27,100,dream-team,https://pesdb.net/efootball/players/dayot-upamecano-106786577303471
Declan Rice,CMF,Arsenal FC,Central Dominator 5 Jan '26,England,86,33,100,dream-team,https://pesdb.net/efootball/players/declan-rice-106763760282015
Dominik Szoboszlai,AMF,Liverpool R,English League Selection 22 Dec '25,Hungary,86,33,101,dream-team,https://pesdb.net/efootball/players/dominik-szoboszlai-106763223432463
Eberechi Eze,AMF,Arsenal FC,Magnetic Feet 29 Jan '26,England,86,32,100,dream-team,https://pesdb.net/efootball/players/eberechi-eze-106765907771610
Elliot Anderson,CMF,Manchester B,Summer Transfer 17 Aug '26,England,86,34,101,dream-team,https://pesdb.net/efootball/players/elliot-anderson-106785772021264
Enzo Fernández,CMF,Argentina,Breakthrough Pass B 12 Mar '26,Argentina,86,35,100,dream-team,https://pesdb.net/efootball/players/enzo-fernandez-106770739623193
Erling Haaland,CF,Manchester B,Goal Machines 28 Nov '24,Norway,86,34,100,dream-team,https://pesdb.net/efootball/players/erling-haaland-106733158664615
Erling Haaland,CF,Manchester B,Show Time Young Stars 23-24 Vol. 1,Norway,86,34,100,dream-team,https://pesdb.net/efootball/players/erling-haaland-106729400568231
Erling Haaland,CF,Manchester B,Show Time European Club Championship 22-23,Norway,86,31,99,dream-team,https://pesdb.net/efootball/players/erling-haaland-106654238640551
Federico Valverde,CMF,Madrid Chamartin B,Standout Midfielders 25-26 Season's Best,Uruguay,86,35,100,dream-team,https://pesdb.net/efootball/players/federico-valverde-106773423963383
Federico Valverde,CMF,Madrid Chamartin B,Earthmover 27 Oct '25,Uruguay,86,35,100,dream-team,https://pesdb.net/efootball/players/federico-valverde-106758928448759
Florian Wirtz,AMF,Liverpool R,Anticipated Standouts 26-27,Germany,86,33,101,dream-team,https://pesdb.net/efootball/players/florian-wirtz-106786308889284
Frenkie de Jong,DMF,FC Barcelona,Attack Trigger 19 Feb '26,Netherlands,86,33,100,dream-team,https://pesdb.net/efootball/players/frenkie-de-jong-106768592119926
Gianluigi Donnarumma,GK,Manchester B,Standout Guardians 25-26 Season's Best,Italy,86,28,101,dream-team,https://pesdb.net/efootball/players/gianluigi-donnarumma-106776645183223
Gianluigi Donnarumma,GK,Manchester B,Anticipated Standouts 13 Oct '25,Italy,86,29,101,dream-team,https://pesdb.net/efootball/players/gianluigi-donnarumma-106759196878583
Harry Kane,CF,England,International Cup vol.4,England,86,33,100,dream-team,https://pesdb.net/efootball/players/harry-kane-106782282266807
Harry Kane,CF,München RW,Goal Machines 28 Nov '24,England,86,28,99,dream-team,https://pesdb.net/efootball/players/harry-kane-106733158578359
Harry Kane,CF,Tottenham WB,Show Time 2 Mar '23,England,86,25,97,dream-team,https://pesdb.net/efootball/players/harry-kane-106652627941559
Hugo Ekitiké,CF,Liverpool R,English League 25-26 Season's Best,France,86,34,100,dream-team,https://pesdb.net/efootball/players/hugo-ekitike-106778255827359
Ibrahima Konaté,CB,Liverpool R,Earthmover 27 Oct '25,France,86,29,100,dream-team,https://pesdb.net/efootball/players/ibrahima-konate-106758928449823
Jamal Musiala,LMF,Germany,1-2 Cut-in A 23 Apr '26,Germany,86,33,100,dream-team,https://pesdb.net/efootball/players/jamal-musiala-106773155552016
Jan Paul van Hecke,CB,Tottenham WB,Anticipated Standouts 26-27,Netherlands,86,29,101,dream-team,https://pesdb.net/efootball/players/jan-paul-van-hecke-106786308878577
Joan García,GK,FC Barcelona,Spanish League 25-26 Season's Best,Spain,86,30,101,dream-team,https://pesdb.net/efootball/players/joan-garcia-106777987393262
Jude Bellingham,AMF,England,International Cup vol.5,England,86,35,101,dream-team,https://pesdb.net/efootball/players/jude-bellingham-106782550787909
Jude Bellingham,CMF,Madrid Chamartin B,World Player of the Year 2024,England,86,35,100,dream-team,https://pesdb.net/efootball/players/jude-bellingham-106732621793093
Julián Alvarez,CF,Argentina,International Cup vol.6,Argentina,86,34,101,dream-team,https://pesdb.net/efootball/players/julian-alvarez-106782819217056
Julián Alvarez,CF,Argentina,Breakthrough Pass B 12 Mar '26,Argentina,86,34,100,dream-team,https://pesdb.net/efootball/players/julian-alvarez-106770739621536
Karim Adeyemi,RWF,FC Barcelona,Summer Transfer 27 Aug '26,Germany,86,32,101,dream-team,https://pesdb.net/efootball/players/karim-adeyemi-106799730668598
Kenan Yıldız,LMF,Türkiye,National Team Selection Türkiye 23 Mar '26,Türkiye,86,33,100,dream-team,https://pesdb.net/efootball/players/kenan-yildiz-106778792723485
Kevin De Bruyne,AMF,Manchester B,Show Time 27 Jul '23,Belgium,86,28,98,dream-team,https://pesdb.net/efootball/players/kevin-de-bruyne-106655312293211
Kylian Mbappé,CF,France,International Cup vol.1,France,86,29,100,dream-team,https://pesdb.net/efootball/players/kylian-mbappe-106781477023870
Kylian Mbappé,CF,Madrid Chamartin B,Breakthrough Pass A 8 Jan '26,France,86,34,101,dream-team,https://pesdb.net/efootball/players/kylian-mbappe-106764028719230
Kylian Mbappé,CF,Madrid Chamartin B,Spanish League 24-25 Season's Best,France,86,34,100,dream-team,https://pesdb.net/efootball/players/kylian-mbappe-106743627624574
Kylian Mbappé,CF,France,National Teams Selection Attackers 13 Mar '25,France,86,34,100,dream-team,https://pesdb.net/efootball/players/kylian-mbappe-106737722044542
Kylian Mbappé,CF,Paris Saint-Germain,Show Time Ligue 1 Uber Eats 23-24,France,86,32,100,dream-team,https://pesdb.net/efootball/players/kylian-mbappe-106727789932670
Lamine Yamal,RWF,Spain,Spain 2026,Spain,86,32,100,dream-team,https://pesdb.net/efootball/players/lamine-yamal-106787651090754
Lionel Messi,CF,Argentina,International Cup vol.1,Argentina,86,33,100,dream-team,https://pesdb.net/efootball/players/lionel-messi-106781476920663
Lisandro Martínez,CB,Argentina,International Cup vol.4,Argentina,86,27,101,dream-team,https://pesdb.net/efootball/players/lisandro-martinez-106782282337313
Luka Modrić,CMF,Croatia,Living Legends 2026,Croatia,86,35,100,dream-team,https://pesdb.net/efootball/players/luka-modric-106788187833650
Luka Modrić,CMF,AC Milan,Italian League 25-26 Season's Best,Croatia,86,35,100,dream-team,https://pesdb.net/efootball/players/luka-modric-106777181979954
Maghnes Akliouche,SS,Paris Saint-Germain,Summer Transfer 10 Sep '26,France,86,33,100,dream-team,https://pesdb.net/efootball/players/maghnes-akliouche-106786040464076
Marc Cucurella,LB,Spain,Spain 2026,Spain,86,33,100,dream-team,https://pesdb.net/efootball/players/marc-cucurella-106787651045215
Marquinhos,CB,Paris Saint-Germain,Show Time Ligue 1 Uber Eats 22-23,Brazil,86,22,97,dream-team,https://pesdb.net/efootball/players/marquinhos-106653970117545
Mason Greenwood,RMF,Olympique de Marseille,Ligue 1 McDonald’s Selection 2 Mar '26,England,86,30,100,dream-team,https://pesdb.net/efootball/players/mason-greenwood-106776376765788
Mohamed Salah,RWF,Liverpool R,ShowTime English League 22-23,Egypt,86,28,98,dream-team,https://pesdb.net/efootball/players/mohamed-salah-106655043870499
Morgan Rogers,AMF,Chelsea B,Summer Transfer 17 Aug '26,England,86,33,100,dream-team,https://pesdb.net/efootball/players/morgan-rogers-106785772007373
Neymar Jr,LWF,Brazil,Living Legends 2026,Brazil,86,34,101,dream-team,https://pesdb.net/efootball/players/neymar-jr-106788187839904
Neymar Jr,SS,Brazil,Show Time Rewards 2 Mar '23,Brazil,86,21,96,dream-team,https://pesdb.net/efootball/players/neymar-jr-106652627934624
Nico Paz,AMF,Como 1907,Italian League 25-26 Season's Best,Argentina,86,35,101,dream-team,https://pesdb.net/efootball/players/nico-paz-106777182101070
Pau Cubarsí,CB,Spain,International Cup vol.6,Spain,86,29,100,dream-team,https://pesdb.net/efootball/players/pau-cubarsi-106782819256128
Pedri,CMF,FC Barcelona,Magnetic Feet 29 Jan '26,Spain,86,33,100,dream-team,https://pesdb.net/efootball/players/pedri-106765907789861
Pedri,CMF,Spain,Show Time 13 Jun '24,Spain,86,32,99,dream-team,https://pesdb.net/efootball/players/pedri-106726447777829
Rodri,CMF,Manchester B,Over-the-Top Pass B 2 Oct '25,Spain,86,36,101,dream-team,https://pesdb.net/efootball/players/rodri-106750875381983
Rodri,DMF,Manchester B,Show Time European Club Championship 22-23,Spain,86,30,98,dream-team,https://pesdb.net/efootball/players/rodri-106654238617823
Romelu Lukaku,CF,Belgium,Featured Match 28 Sep '26,Belgium,86,32,100,dream-team,https://pesdb.net/efootball/players/romelu-lukaku-106786577226938
Ronald Araújo,CB,Liverpool R,Summer Transfer 10 Sep '26,Uruguay,86,27,101,dream-team,https://pesdb.net/efootball/players/ronald-araujo-106786040448448
Rúben Dias,CB,Portugal,Aerial Fort 9 Jan '25,Portugal,86,27,99,dream-team,https://pesdb.net/efootball/players/ruben-dias-106734500820152
Viktor Gyökeres,CF,Sweden,1-2 Cut-in A 23 Apr '26,Sweden,86,32,100,dream-team,https://pesdb.net/efootball/players/viktor-gyokeres-106773155540934
Vinícius Júnior,LWF,Madrid Chamartin B,World Player of the Year 2024,Brazil,86,32,100,dream-team,https://pesdb.net/efootball/players/vinicius-junior-106732621777207
Vinícius Júnior,LWF,Madrid Chamartin B,Show Time 13 Apr '23,Brazil,86,28,98,dream-team,https://pesdb.net/efootball/players/vinicius-junior-106653164882231
Virgil van Dijk,CB,Netherlands,Aerial Fort 9 Jan '25,Netherlands,86,27,99,dream-team,https://pesdb.net/efootball/players/virgil-van-dijk-106734500753192
Virgil van Dijk,CB,Liverpool R,Show Time English League 23-24,Netherlands,86,27,99,dream-team,https://pesdb.net/efootball/players/virgil-van-dijk-106728595173160
Virgil van Dijk,CB,Liverpool R,Show Time 9 Mar '23,Netherlands,86,17,96,dream-team,https://pesdb.net/efootball/players/virgil-van-dijk-106652896374568
Youri Tielemans,CMF,Manchester United,Summer Transfer 27 Aug '26,Belgium,86,35,101,dream-team,https://pesdb.net/efootball/players/youri-tielemans-106799730583961
Alexander Isak,CF,Liverpool R,Anticipated Standouts 13 Oct '25,Sweden,85,34,100,dream-team,https://pesdb.net/efootball/players/alexander-isak-106759196885383
Alexander Isak,CF,Newcastle WB,Offensive Genius 24 Apr '25,Sweden,85,29,98,dream-team,https://pesdb.net/efootball/players/alexander-isak-106743090758023
Antoine Griezmann,CF,Madrid Rosas RB,Show Time 9 May '26,France,85,1,86,dream-team,https://pesdb.net/efootball/players/antoine-griezmann-106784161310028
Antonio Rüdiger,CB,Germany,National Teams Selection Guardians 20 Mar '25,Germany,85,29,99,dream-team,https://pesdb.net/efootball/players/antonio-rudiger-106738258909413
Arda Güler,AMF,Türkiye,National Team Selection Türkiye 20 Mar '25,Türkiye,85,30,98,dream-team,https://pesdb.net/efootball/players/arda-guler-106737990510858
Aurélien Tchouaméni,DMF,Madrid Chamartin B,Central Dominator 5 Jan '26,France,85,33,99,dream-team,https://pesdb.net/efootball/players/aurelien-tchouameni-106763760292838
Ayyoub Bouaddi,DMF,Morocco,Pressure-Proof 2026,Morocco,85,35,99,dream-team,https://pesdb.net/efootball/players/ayyoub-bouaddi-106788724836718
Ben White,RB,Arsenal FC,Show Time eFootball™ Festival 2024,England,85,26,97,dream-team,https://pesdb.net/efootball/players/ben-white-106730474290556
Benjamin Šeško,CF,Manchester United,Manchester United Selection 16 Feb '26,Slovenia,85,34,100,dream-team,https://pesdb.net/efootball/players/benjamin-sesko-106760002221112
Bernardo Silva,RMF,Portugal,Show Time 13 Jun '24,Portugal,85,31,98,dream-team,https://pesdb.net/efootball/players/bernardo-silva-106726447748898
Brahim Díaz,AMF,Madrid Chamartin B,Diagonal Long Pass A 15 Aug '25,Morocco,85,35,99,dream-team,https://pesdb.net/efootball/players/brahim-diaz-106749533208454
Bukayo Saka,RWF,Arsenal FC,Show Time English League 23-24,England,85,32,99,dream-team,https://pesdb.net/efootball/players/bukayo-saka-106728595255864
Casemiro,DMF,Manchester United,Show Time May '26,Brazil,85,33,99,dream-team,https://pesdb.net/efootball/players/casemiro-106784698181293
Charles De Ketelaere,CF,Belgium,International Cup vol.5,Belgium,85,32,99,dream-team,https://pesdb.net/efootball/players/charles-de-ketelaere-106782550788446
Cody Gakpo,LWF,Netherlands,International Cup vol.2,Netherlands,85,34,99,dream-team,https://pesdb.net/efootball/players/cody-gakpo-106781745470620
Cole Palmer,AMF,Chelsea B,Show Time Young Stars 23-24 Vol. 1,England,85,31,98,dream-team,https://pesdb.net/efootball/players/cole-palmer-106729400572844
Cristiano Ronaldo,CF,Portugal,International Cup vol.2,Portugal,85,32,99,dream-team,https://pesdb.net/efootball/players/cristiano-ronaldo-106781745353130
Cristiano Ronaldo,CF,Al Nassr FC,AFC Champions League Elite™ Selection 13 Jan '25,Portugal,85,34,99,dream-team,https://pesdb.net/efootball/players/cristiano-ronaldo-106734785925546
Denzel Dumfries,RB,Madrid Chamartin B,Summer Transfer 17 Aug '26,Netherlands,85,33,100,dream-team,https://pesdb.net/efootball/players/denzel-dumfries-106785771992434
Doan Ritsu,RMF,Japan,Japan Selection 11 Jul '26,Japan,85,32,99,dream-team,https://pesdb.net/efootball/players/doan-ritsu-106783356067329
Doan Ritsu,RMF,Eintracht Frankfurt,Japanese Stars 6 Apr '26,Japan,85,35,99,dream-team,https://pesdb.net/efootball/players/doan-ritsu-106762954972673
Eduardo Camavinga,CMF,Madrid Chamartin B,Show Time Young Stars 23-24 Vol. 2,France,85,33,98,dream-team,https://pesdb.net/efootball/players/eduardo-camavinga-106730205869134
Elliot Anderson,DMF,Nottingham RW,Standout Midfielders 25-26 Season's Best,England,85,35,100,dream-team,https://pesdb.net/efootball/players/elliot-anderson-106773423990288
Endrick,CF,Olympique Lyonnais,Ligue 1 McDonald’s Selection 2 Mar '26,Brazil,85,32,99,dream-team,https://pesdb.net/efootball/players/endrick-106776376796960
Federico Chiesa,LWF,Piemonte BN,Show Time 7 Dec '23,Italy,85,27,98,dream-team,https://pesdb.net/efootball/players/federico-chiesa-106723494968891
Felix Nmecha,DMF,Germany,International Cup vol.1,Germany,85,33,99,dream-team,https://pesdb.net/efootball/players/felix-nmecha-106781477040769
Ferran Torres,CF,Spain,Spain 2026,Spain,85,32,100,dream-team,https://pesdb.net/efootball/players/ferran-torres-106787651045391
Florian Wirtz,AMF,Liverpool R,Summer Transfer 28 Jul '25,Germany,85,33,99,dream-team,https://pesdb.net/efootball/players/florian-wirtz-106745775135428
Gabriel Magalhães,CB,Arsenal FC,English League 24-25 Season's Best,Brazil,85,27,99,dream-team,https://pesdb.net/efootball/players/gabriel-magalhaes-106743359189607
Harry Kane,CF,England,Extraordinary One 4 Dec '25,England,85,29,98,dream-team,https://pesdb.net/efootball/players/harry-kane-106766444574903
Hugo Ekitiké,CF,Liverpool R,Aggressive Centring A 4 Dec '25,France,85,35,100,dream-team,https://pesdb.net/efootball/players/hugo-ekitike-106762686570911
Ito Hiroki,CB,Japan,Japan Selection 11 Jul '26,Japan,85,29,100,dream-team,https://pesdb.net/efootball/players/ito-hiroki-106783356085451
Jamal Musiala,AMF,München RW,FC Bayern München Selection 15 May '25,Germany,85,32,99,dream-team,https://pesdb.net/efootball/players/jamal-musiala-106741480168208
James Rodríguez,RWF,Colombia,Living Legends 2026,Colombia,85,35,100,dream-team,https://pesdb.net/efootball/players/james-rodriguez-106788187841133
Johan Manzambi,AMF,Switzerland,Victory Drivers 2026,Switzerland,85,35,99,dream-team,https://pesdb.net/efootball/players/johan-manzambi-106788456409199
Jonathan David,CF,Canada,International Cup vol.2,Canada,85,32,99,dream-team,https://pesdb.net/efootball/players/jonathan-david-106781745473447
Joshua Kimmich,DMF,Germany,Mobile 9th Anniversary Celebration,Germany,85,31,98,dream-team,https://pesdb.net/efootball/players/joshua-kimmich-106780940151245
João Neves,CMF,Paris Saint-Germain,Rising Prodigies 15 Sep '25,Portugal,85,36,99,dream-team,https://pesdb.net/efootball/players/joao-neves-106759465365080
João Pedro,CF,Chelsea B,Club International Cup 2025,Brazil,85,34,99,dream-team,https://pesdb.net/efootball/players/joao-pedro-106745506689835
Joško Gvardiol,LB,Manchester B,Trusted Shields 22 Sep '25,Croatia,85,35,99,dream-team,https://pesdb.net/efootball/players/josko-gvardiol-106750338532448
Jude Bellingham,AMF,Madrid Chamartin B,Spanish League Selection Attackers 27 Nov '23,England,85,35,99,dream-team,https://pesdb.net/efootball/players/jude-bellingham-106722958116677
Jude Bellingham,CMF,England,Show Time 18 May '23,England,85,29,97,dream-team,https://pesdb.net/efootball/players/jude-bellingham-106653433333573
Jules Koundé,RB,FC Barcelona,FC Barcelona Selection 20 Apr '26,France,85,33,100,dream-team,https://pesdb.net/efootball/players/jules-kounde-106772887089344
Jérémy Doku,LWF,Manchester B,Over-the-Top Pass B 2 Oct '25,Belgium,85,32,100,dream-team,https://pesdb.net/efootball/players/jeremy-doku-106750875398684
Kamada Daichi,AMF,Japan,Japan Selection 2 Jul '26,Japan,85,35,100,dream-team,https://pesdb.net/efootball/players/kamada-daichi-106783087652853
Kerem Aktürkoğlu,LWF,Türkiye,National Team Selection Türkiye 20 Mar '25,Türkiye,85,29,98,dream-team,https://pesdb.net/efootball/players/kerem-akturkoglu-106737990509510
Kobbie Mainoo,CMF,Manchester United,Manchester United Selection 16 Feb '26,England,85,35,99,dream-team,https://pesdb.net/efootball/players/kobbie-mainoo-106760002235412
Kubo Takefusa,AMF,Japan,Japan Selection 11 Jul '26,Japan,85,33,99,dream-team,https://pesdb.net/efootball/players/kubo-takefusa-106783356083208
Lautaro Martínez,CF,Internazionale Milano,Over-the-Top Pass A 4 Sep '25,Argentina,85,32,100,dream-team,https://pesdb.net/efootball/players/lautaro-martinez-106750070073457
Lautaro Martínez,CF,Internazionale Milano,Show Time Italian League 23-24,Argentina,85,32,99,dream-team,https://pesdb.net/efootball/players/lautaro-martinez-106729132107889
Leandro Trossard,LMF,Belgium,International Cup vol.3,Belgium,85,33,99,dream-team,https://pesdb.net/efootball/players/leandro-trossard-106782013903764
Lionel Messi,RWF,Argentina,Skill Up,Argentina,85,25,97,dream-team,https://pesdb.net/efootball/players/lionel-messi-106731279490391
Maeda Daizen,SS,Ipswich BW,Japanese Stars 31 Aug '26,Japan,85,33,99,dream-team,https://pesdb.net/efootball/players/maeda-daizen-106799999081317
Marc Cucurella,LB,Chelsea B,English League Selection 22 Dec '25,Spain,85,33,99,dream-team,https://pesdb.net/efootball/players/marc-cucurella-106763223418719
Marcus Thuram,CF,Internazionale Milano,Italian League 24-25 Season's Best,France,85,34,99,dream-team,https://pesdb.net/efootball/players/marcus-thuram-106744164492837
Marquinhos,CB,Paris Saint-Germain,Club International Cup 2025,Brazil,85,28,99,dream-team,https://pesdb.net/efootball/players/marquinhos-106745506608041
Martin Ødegaard,CMF,Arsenal FC,Arsenal FC Selection 21 May '26,Norway,85,33,99,dream-team,https://pesdb.net/efootball/players/martin-odegaard-106772618646508
Martin Ødegaard,AMF,Arsenal FC,ShowTime English League 22-23,Norway,85,28,97,dream-team,https://pesdb.net/efootball/players/martin-odegaard-106655043916780
Matheus Cunha,AMF,Manchester United,Anticipated Standouts 13 Oct '25,Brazil,85,33,100,dream-team,https://pesdb.net/efootball/players/matheus-cunha-106759196889835
Micky van de Ven,CB,Tottenham WB,Trusted Shields 22 Sep '25,Netherlands,85,29,100,dream-team,https://pesdb.net/efootball/players/micky-van-de-ven-106750338536440
Mikel Oyarzabal,CF,Vasco Gipuzkoa AB,Ranking Event Rewards 2027,Spain,85,1,87,dream-team,https://pesdb.net/efootball/players/mikel-oyarzabal-106798388457476
Mohamed Salah,RWF,Liverpool R,Show Time May '26,Egypt,85,31,100,dream-team,https://pesdb.net/efootball/players/mohamed-salah-106784429760291
Moisés Caicedo,DMF,Ecuador,International Cup vol.3,Ecuador,85,33,100,dream-team,https://pesdb.net/efootball/players/moises-caicedo-106782013927260
Moisés Caicedo,DMF,Chelsea B,Earthmover 27 Oct '25,Ecuador,85,33,99,dream-team,https://pesdb.net/efootball/players/moises-caicedo-106758928478044
Morgan Rogers,AMF,Aston RB,Central Dominator 5 Jan '26,England,85,33,99,dream-team,https://pesdb.net/efootball/players/morgan-rogers-106763760299981
Morita Hidemasa,DMF,Hull OB,Japanese Stars 31 Aug '26,Japan,85,33,100,dream-team,https://pesdb.net/efootball/players/morita-hidemasa-106799999082154
Nick Woltemade,CF,Newcastle WB,Towering Giants 29 Dec '25,Germany,85,31,99,dream-team,https://pesdb.net/efootball/players/nick-woltemade-106763491879812
Nicolò Barella,DMF,Internazionale Milano,Over-the-Top Pass A 4 Sep '25,Italy,85,35,99,dream-team,https://pesdb.net/efootball/players/nicolo-barella-106750070068486
Omar Marmoush,CF,Egypt,CAF AFRICA CUP OF NATIONS 25 vol.1,Egypt,85,31,98,dream-team,https://pesdb.net/efootball/players/omar-marmoush-106765186378504
Pau Cubarsí,CB,FC Barcelona,Rising Prodigies 15 Sep '25,Spain,85,29,99,dream-team,https://pesdb.net/efootball/players/pau-cubarsi-106759465371456
Pedro Neto,LMF,Chelsea B,Aggressive Centring A 4 Dec '25,Portugal,85,35,100,dream-team,https://pesdb.net/efootball/players/pedro-neto-106762686548319
Rafael Leão,LMF,Portugal,Towering Giants 29 May '25,Portugal,85,34,99,dream-team,https://pesdb.net/efootball/players/rafael-leao-106741211713905
Rayan Cherki,AMF,Manchester B,Rising Prodigies 15 Sep '25,France,85,35,99,dream-team,https://pesdb.net/efootball/players/rayan-cherki-106759465339413
Reece James,RB,Chelsea B,Attack Trigger 19 Feb '26,England,85,33,99,dream-team,https://pesdb.net/efootball/players/reece-james-106768592137310
Riccardo Calafiori,LB,Arsenal FC,eFootball™ League 2027 Rewards Phase 2,Italy,85,1,86,dream-team,https://pesdb.net/efootball/players/riccardo-calafiori-106788993239598
Riccardo Calafiori,LB,Arsenal FC,Diagonal Long Pass B 6 Nov '25,Italy,85,35,100,dream-team,https://pesdb.net/efootball/players/riccardo-calafiori-106759733774894
Rodrygo,RWF,Madrid Chamartin B,Goal Machines 28 Nov '24,Brazil,85,29,98,dream-team,https://pesdb.net/efootball/players/rodrygo-106733158650049
Romelu Lukaku,CF,Napoli A,Offensive Genius 25 Aug '25,Belgium,85,34,100,dream-team,https://pesdb.net/efootball/players/romelu-lukaku-106754901843130
Ronald Araújo,CB,FC Barcelona,FC Barcelona Selection 20 Apr '26,Uruguay,85,27,100,dream-team,https://pesdb.net/efootball/players/ronald-araujo-106772887111104
Ronald Araújo,CB,Uruguay,National Teams Selection Guardians 20 Mar '25,Uruguay,85,27,99,dream-team,https://pesdb.net/efootball/players/ronald-araujo-106738258937280
Ryan Gravenberch,DMF,Liverpool R,English League 24-25 Season's Best,Netherlands,85,31,98,dream-team,https://pesdb.net/efootball/players/ryan-gravenberch-106743359205469
Rúben Dias,CB,Manchester B,ShowTime English League 22-23,Portugal,85,29,98,dream-team,https://pesdb.net/efootball/players/ruben-dias-106655043925176
Sano Kaishu,DMF,Japan,Japan Selection 2 Jul '26,Japan,85,33,99,dream-team,https://pesdb.net/efootball/players/sano-kaishu-106783087654662
Sano Kodai,CMF,N.E.C. Nijmegen,Japanese Stars 6 Apr '26,Japan,85,36,99,dream-team,https://pesdb.net/efootball/players/sano-kodai-106762955019322
Semih Kılıçsoy,CF,Cagliari RB,Campaign Rewards Feb '26,Türkiye,85,27,98,dream-team,https://pesdb.net/efootball/players/semih-kilicsoy-106770471216611
Suzuki Junnosuke,RB,København HB,Japanese Stars 6 Apr '26,Japan,85,35,99,dream-team,https://pesdb.net/efootball/players/suzuki-junnosuke-106762955018895
Thibaut Courtois,GK,Madrid Chamartin B,Towering Giants 29 Dec '25,Belgium,85,30,100,dream-team,https://pesdb.net/efootball/players/thibaut-courtois-106763491781983
Thibaut Courtois,GK,Madrid Chamartin B,Standout Lefties 3 Feb '25,Belgium,85,30,99,dream-team,https://pesdb.net/efootball/players/thibaut-courtois-106738795720031
Tomiyasu Takehiro,CB,Crystal Palace RB,Japanese Stars 31 Aug '26,Japan,85,27,100,dream-team,https://pesdb.net/efootball/players/tomiyasu-takehiro-106799999081429
Ueda Ayase,CF,Japan,Japan Selection 2 Jul '26,Japan,85,34,100,dream-team,https://pesdb.net/efootball/players/ueda-ayase-106783087658867
V. Milinković-Savić,GK,Torino FC,Italian League 24-25 Season's Best,Serbia,85,30,99,dream-team,https://pesdb.net/efootball/players/v-milinkovic-savic-106744164503008
Viktor Gyökeres,CF,Sporting CP,Breakout Stars 24-25 Season's Best,Sweden,85,34,99,dream-team,https://pesdb.net/efootball/players/viktor-gyokeres-106745238253510
Vinícius Júnior,LMF,Madrid Chamartin B,Diagonal Long Pass A 15 Aug '25,Brazil,85,36,100,dream-team,https://pesdb.net/efootball/players/vinicius-junior-106749533210935
Vinícius Júnior,CF,Madrid Chamartin B,Show Time European Club Tournaments 23-24,Brazil,85,32,99,dream-team,https://pesdb.net/efootball/players/vinicius-junior-106727521503543
Vitinha,CMF,Portugal,National Team Selection Portugal 4 Aug '25,Portugal,85,35,99,dream-team,https://pesdb.net/efootball/players/vitinha-106748459487131
Weston McKennie,CMF,United States,International Match Campaign Sep '26,United States,85,32,99,dream-team,https://pesdb.net/efootball/players/weston-mckennie-106799193770861
William Saliba,CB,Arsenal FC,Towering Giants 29 Dec '25,France,85,29,100,dream-team,https://pesdb.net/efootball/players/william-saliba-106763491864289
William Saliba,CB,Arsenal FC,Long-reach Tackle 1 May '25,France,85,29,99,dream-team,https://pesdb.net/efootball/players/william-saliba-106742553898721
Willian Pacho,CB,Paris Saint-Germain,Ligue 1 McDonald’s Selection 2 Mar '26,Ecuador,85,29,100,dream-team,https://pesdb.net/efootball/players/willian-pacho-106776376791946
Achraf Hakimi,RB,Paris Saint-Germain,European League 24-25 Season's Best,Morocco,84,33,98,dream-team,https://pesdb.net/efootball/players/achraf-hakimi-106743896063272
Adrien Rabiot,CMF,France,Daily Bonus 2027,France,84,32,98,dream-team,https://pesdb.net/efootball/players/adrien-rabiot-106787114104779
Alejandro Balde,LB,FC Barcelona,FC Barcelona Selection 20 Apr '26,Spain,84,33,99,dream-team,https://pesdb.net/efootball/players/alejandro-balde-106772887125793
Alessandro Bastoni,CB,Internazionale Milano,Show Time European Club Championship 22-23,Italy,84,29,97,dream-team,https://pesdb.net/efootball/players/alessandro-bastoni-106654238621670
Alexis Mac Allister,CMF,Argentina,National Teams Campaign Mar '26,Argentina,84,33,98,dream-team,https://pesdb.net/efootball/players/alexis-mac-allister-106773960836927
Alexis Mac Allister,DMF,Argentina,National Teams Selection Guardians 20 Mar '25,Argentina,84,33,98,dream-team,https://pesdb.net/efootball/players/alexis-mac-allister-106738258921279
Alisson Becker,GK,Liverpool R,Trusted Shields 22 Sep '25,Brazil,84,32,100,dream-team,https://pesdb.net/efootball/players/alisson-becker-106750338463730
Bradley Barcola,LWF,France,eFootball™ League Rewards Phase 13,France,84,31,98,dream-team,https://pesdb.net/efootball/players/bradley-barcola-106771813384691
Bradley Barcola,LWF,Paris Saint-Germain,Breakthrough Talents 9 Dec '24,France,84,31,98,dream-team,https://pesdb.net/efootball/players/bradley-barcola-106735574598131
Brahim Díaz,RMF,Morocco,CAF AFRICA CUP OF NATIONS 25 vol.1,Morocco,84,33,98,dream-team,https://pesdb.net/efootball/players/brahim-diaz-106765186350982
Bruno Fernandes,AMF,Portugal,Show Time Rewards 18 May '23,Portugal,84,28,95,dream-team,https://pesdb.net/efootball/players/bruno-fernandes-106653433261152
Cristiano Ronaldo,CF,Portugal,Show Time 1 Aug '24,Portugal,84,34,98,dream-team,https://pesdb.net/efootball/players/cristiano-ronaldo-106726716084650
Cristiano Ronaldo,CF,Al Nassr FC,AFC Champions League Selection 25 Dec '23,Portugal,84,31,98,dream-team,https://pesdb.net/efootball/players/cristiano-ronaldo-106723780071850
Dani Olmo,AMF,Spain,National Teams Campaign Mar '26,Spain,84,32,98,dream-team,https://pesdb.net/efootball/players/dani-olmo-106773960831286
Dean Huijsen,CB,Madrid Chamartin B,New Year's Gift 2026,Spain,84,27,98,dream-team,https://pesdb.net/efootball/players/dean-huijsen-106766981558114
Declan Rice,DMF,England,Towering Giants 29 May '25,England,84,35,99,dream-team,https://pesdb.net/efootball/players/declan-rice-106741211703711
Denzel Dumfries,RMF,Internazionale Milano,European Club Championship 24-25 Season's Best,Netherlands,84,33,98,dream-team,https://pesdb.net/efootball/players/denzel-dumfries-106746580415858
Dominik Szoboszlai,CMF,Liverpool R,Show Time [8 Anniv.],Hungary,84,1,85,dream-team,https://pesdb.net/efootball/players/dominik-szoboszlai-106747385740559
Désiré Doué,SS,Paris Saint-Germain,European Club Championship 24-25 Season's Best,France,84,36,99,dream-team,https://pesdb.net/efootball/players/desire-doue-106746580456800
Ederson Moraes,GK,Fenerbahçe SK,Trendyol Süper Lig Monthly MVPs Dec '25,Brazil,84,32,101,dream-team,https://pesdb.net/efootball/players/ederson-moraes-106757586204383
Endo Wataru,DMF,Liverpool R,Japanese Stars 5 Jun '25,Japan,84,34,98,dream-team,https://pesdb.net/efootball/players/endo-wataru-106752217464922
Enzo Fernández,DMF,Argentina,National Teams Selection Midfielders 16 Nov '23,Argentina,84,33,98,dream-team,https://pesdb.net/efootball/players/enzo-fernandez-106722421241113
Estêvão,RWF,Chelsea B,Show Time 11 Aug '25,Brazil,84,34,98,dream-team,https://pesdb.net/efootball/players/estevao-106754365099263
Fabinho,DMF,Al Ittihad Club,AFC Champions League Elite™ Selection 20 Oct '25,Brazil,84,35,98,dream-team,https://pesdb.net/efootball/players/fabinho-106761092659319
Federico Valverde,CMF,Madrid Chamartin B,Long-reach Tackle 1 May '25,Uruguay,84,35,98,dream-team,https://pesdb.net/efootball/players/federico-valverde-106742553885943
Federico Valverde,CMF,Madrid Chamartin B,Show Time Spanish League 23-24,Uruguay,84,36,98,dream-team,https://pesdb.net/efootball/players/federico-valverde-106728863677687
Ferdi Kadıoğlu,LB,Türkiye,Mobile 9th Anniversary Celebration,Türkiye,84,33,98,dream-team,https://pesdb.net/efootball/players/ferdi-kadioglu-106780940156328
Fermín López,AMF,FC Barcelona,eFootball™ League Rewards Phase 8,Spain,84,33,98,dream-team,https://pesdb.net/efootball/players/fermin-lopez-106769129043724
Florian Wirtz,AMF,Germany,Offensive Genius 17 Oct '24,Germany,84,31,98,dream-team,https://pesdb.net/efootball/players/florian-wirtz-106735037717188
Florian Wirtz,AMF,Germany,National Teams Selection Midfielders 16 Nov '23,Germany,84,30,96,dream-team,https://pesdb.net/efootball/players/florian-wirtz-106722421250756
Francisco Conceição,RWF,Portugal,International Match Campaign Sep '26,Portugal,84,31,99,dream-team,https://pesdb.net/efootball/players/francisco-conceicao-106799193796011
Franck Kessié,CMF,Côte d'Ivoire,CAF AFRICA CUP OF NATIONS 25 vol.2,Côte d'Ivoire,84,35,98,dream-team,https://pesdb.net/efootball/players/franck-kessie-106765454779807
Frenkie de Jong,DMF,FC Barcelona,Squad Pillars 24-25 Season's Best,Netherlands,84,35,98,dream-team,https://pesdb.net/efootball/players/frenkie-de-jong-106752485992566
Gabriel Martinelli,LWF,Brazil,Starter Set 14 May '26,Brazil,84,29,97,dream-team,https://pesdb.net/efootball/players/gabriel-martinelli-106781208610214
Gavi,CMF,FC Barcelona,Hard-working Players 3 Oct '24,Spain,84,34,98,dream-team,https://pesdb.net/efootball/players/gavi-106732084936483
Gianluigi Donnarumma,GK,Paris Saint-Germain,Show Time Ligue 1 Uber Eats 23-24,Italy,84,29,98,dream-team,https://pesdb.net/efootball/players/gianluigi-donnarumma-106727789930231
Giuliano Simeone,RMF,Madrid Rosas RB,Ranking Event Rewards 2027,Argentina,84,1,86,dream-team,https://pesdb.net/efootball/players/giuliano-simeone-106798388494170
Gonçalo Ramos,CF,Portugal,International Cup vol.4,Portugal,84,31,99,dream-team,https://pesdb.net/efootball/players/goncalo-ramos-106782282354314
Gregor Kobel,GK,Switzerland,The Football Festival Campaign 2026,Switzerland,84,27,98,dream-team,https://pesdb.net/efootball/players/gregor-kobel-106785503587053
Ito Junya,AMF,Japan,Japan Selection 2 Jul '26,Japan,84,31,98,dream-team,https://pesdb.net/efootball/players/ito-junya-106783087647748
Ito Junya,RMF,Genk BW,Japanese Stars 10 Nov '25,Japan,84,32,99,dream-team,https://pesdb.net/efootball/players/ito-junya-106762418117636
Jack Grealish,LWF,Everton B,eFootball™ League Rewards Phase 6,England,84,32,98,dream-team,https://pesdb.net/efootball/players/jack-grealish-106767786806011
James Maddison,AMF,Tottenham WB,eFootball™ League 2027 Rewards Phase 1,England,84,1,87,dream-team,https://pesdb.net/efootball/players/james-maddison-106785235123572
Jamie Vardy,CF,Leicester B,Show Time 15 May '25,England,84,31,98,dream-team,https://pesdb.net/efootball/players/jamie-vardy-106748996323135
Jan Oblak,GK,Slovenia,Extraordinary One 4 Dec '25,Slovenia,84,26,98,dream-team,https://pesdb.net/efootball/players/jan-oblak-106766444571720
Jobe Bellingham,CMF,Borussia Dortmund,Borussia Dortmund Selection 26 Jul '25,England,84,1,85,dream-team,https://pesdb.net/efootball/players/jobe-bellingham-106753291337609
John Stones,CB,Internazionale Milano,Summer Transfer 10 Sep '26,England,84,34,102,dream-team,https://pesdb.net/efootball/players/john-stones-106786040363689
Jonathan Tah,CB,Germany,Aerial Fort 9 Jan '25,Germany,84,33,99,dream-team,https://pesdb.net/efootball/players/jonathan-tah-106734500820728
Joshua Kimmich,DMF,München RW,FC Bayern München Selection 15 May '25,Germany,84,35,98,dream-team,https://pesdb.net/efootball/players/joshua-kimmich-106741480139213
João Cancelo,RB,Al Hilal SFC,AFC Champions League Elite™ Selection 13 Jan '25,Portugal,84,35,98,dream-team,https://pesdb.net/efootball/players/joao-cancelo-106734785968811
Joško Gvardiol,LB,Manchester B,Show Time Young Stars 23-24 Vol. 2,Croatia,84,33,98,dream-team,https://pesdb.net/efootball/players/josko-gvardiol-106730205873248
Jules Koundé,RB,FC Barcelona,Long-reach Tackle 1 May '25,France,84,35,98,dream-team,https://pesdb.net/efootball/players/jules-kounde-106742553882816
Julián Alvarez,CF,Argentina,Offensive Genius 17 Oct '24,Argentina,84,34,98,dream-team,https://pesdb.net/efootball/players/julian-alvarez-106735037705888
Jurriën Timber,RB,Arsenal FC,eFootball™ League Rewards Phase 10,Netherlands,84,33,98,dream-team,https://pesdb.net/efootball/players/jurrien-timber-106769665885243
K. Kvaratskhelia,LWF,Napoli A,Show Time Italian League 22-23,Georgia,84,32,97,dream-team,https://pesdb.net/efootball/players/k-kvaratskhelia-106654507071184
Kevin De Bruyne,AMF,Napoli A,New Year's Gift 2026,Belgium,84,31,98,dream-team,https://pesdb.net/efootball/players/kevin-de-bruyne-106766981442907
Kevin De Bruyne,AMF,Manchester B,Offensive Genius 24 Apr '25,Belgium,84,33,98,dream-team,https://pesdb.net/efootball/players/kevin-de-bruyne-106743090687323
Lamine Yamal,RWF,Spain,The Football Festival Campaign 2026,Spain,84,31,98,dream-team,https://pesdb.net/efootball/players/lamine-yamal-106757854755138
Lee Kang-In,RWF,Paris Saint-Germain,Campaign Rewards Feb '26,Korea Republic,84,31,98,dream-team,https://pesdb.net/efootball/players/lee-kang-in-106770471185881
Leroy Sané,RWF,Galatasaray SK,Show Time 10 Aug '25,Germany,84,31,98,dream-team,https://pesdb.net/efootball/players/leroy-sane-106754096599541
Leroy Sané,LMF,Germany,National Teams Selection Attackers 13 Mar '25,Germany,84,31,98,dream-team,https://pesdb.net/efootball/players/leroy-sane-106737722036725
Lionel Messi,SS,Argentina,Skill Up 2027,Argentina,84,29,98,dream-team,https://pesdb.net/efootball/players/lionel-messi-106784966581591
Lionel Messi,RWF,Argentina,The Football Festival Campaign 2026,Argentina,84,32,98,dream-team,https://pesdb.net/efootball/players/lionel-messi-106779866307927
Luis Díaz,LWF,Colombia,Daily Bonus 2026,Colombia,84,31,98,dream-team,https://pesdb.net/efootball/players/luis-diaz-106780671726691
Luka Modrić,CMF,Madrid Chamartin B,Show Time 7 Jun '25,Croatia,84,1,85,dream-team,https://pesdb.net/efootball/players/luka-modric-106752754353458
Manuel Locatelli,DMF,Piemonte BN,Ranking Event Rewards 2027,Italy,84,1,86,dream-team,https://pesdb.net/efootball/players/manuel-locatelli-106798388454829
Manuel Neuer,GK,München RW,FC Bayern München Selection 15 May '25,Germany,84,33,99,dream-team,https://pesdb.net/efootball/players/manuel-neuer-106741480063393
Marc Guéhi,CB,Manchester B,Ranking Event Rewards 2027,England,84,1,87,dream-team,https://pesdb.net/efootball/players/marc-guehi-106798388478166
Mateo Kovačić,CMF,Croatia,The Football Festival Campaign 2026,Croatia,84,32,98,dream-team,https://pesdb.net/efootball/players/mateo-kovacic-106785503488127
Matthijs de Ligt,CB,Netherlands,Mobile 9th Anniversary Celebration,Netherlands,84,29,98,dream-team,https://pesdb.net/efootball/players/matthijs-de-ligt-106780940156345
Merih Demiral,CB,Türkiye,National Team Selection Türkiye 23 Mar '26,Türkiye,84,31,99,dream-team,https://pesdb.net/efootball/players/merih-demiral-106778792685399
Michael Olise,RWF,France,Daily Free Draw 4 Dec '25,France,84,28,97,dream-team,https://pesdb.net/efootball/players/michael-olise-106766713092441
Michael Olise,RMF,München RW,European League 24-25 Season's Best,France,84,35,99,dream-team,https://pesdb.net/efootball/players/michael-olise-106743896078681
Micky van de Ven,CB,Tottenham WB,Show Time Young Stars 23-24 Vol. 2,Netherlands,84,27,98,dream-team,https://pesdb.net/efootball/players/micky-van-de-ven-106730205877240
Mike Maignan,GK,AC Milan,Italian League Selection Guardians 2 Oct '23,France,84,24,97,dream-team,https://pesdb.net/efootball/players/mike-maignan-106721884302367
Mitoma Kaoru,LMF,Brighton WB,Offensive Genius 25 Aug '25,Japan,84,35,99,dream-team,https://pesdb.net/efootball/players/mitoma-kaoru-106754901929868
Mitoma Kaoru,LWF,Brighton WB,Offensive Genius 24 Apr '25,Japan,84,31,98,dream-team,https://pesdb.net/efootball/players/mitoma-kaoru-106743090769804
Morgan Gibbs-White,AMF,Nottingham RW,Ranking Event Rewards 2027,England,84,1,87,dream-team,https://pesdb.net/efootball/players/morgan-gibbs-white-106798388461815
Nakamura Keito,LMF,Japan,Japan Selection 2 Jul '26,Japan,84,33,98,dream-team,https://pesdb.net/efootball/players/nakamura-keito-106783087650006
Neymar Jr,AMF,Santos FC,Campaign Rewards Feb '26,Brazil,84,31,98,dream-team,https://pesdb.net/efootball/players/neymar-jr-106770471099808
Neymar Jr,AMF,Santos FC,Brazilian League Selection 25 Sep '25,Brazil,84,32,101,dream-team,https://pesdb.net/efootball/players/neymar-jr-106755438714272
Nico O'Reilly,LB,England,Mobile 9th Anniversary Celebration,England,84,33,98,dream-team,https://pesdb.net/efootball/players/nico-o-reilly-106780940205246
Nico Williams,LWF,Bilbao BR,Show Time Young Stars 23-24 Vol. 1,Spain,84,31,98,dream-team,https://pesdb.net/efootball/players/nico-williams-106729400576949
Nicolò Barella,AMF,Italy,National Teams Selection Attackers 13 Mar '25,Italy,84,32,98,dream-team,https://pesdb.net/efootball/players/nicolo-barella-106737722037510
Nuno Mendes,LB,Portugal,National Team Selection Portugal 4 Aug '25,Portugal,84,35,98,dream-team,https://pesdb.net/efootball/players/nuno-mendes-106748459484820
Omar Marmoush,LMF,Manchester B,Breakout Stars 24-25 Season's Best,Egypt,84,33,98,dream-team,https://pesdb.net/efootball/players/omar-marmoush-106745238268680
Phil Foden,RMF,Manchester B,Show Time English League 23-24,England,84,35,99,dream-team,https://pesdb.net/efootball/players/phil-foden-106728595243128
Raphinha,LMF,FC Barcelona,Spanish League 24-25 Season's Best,Brazil,84,35,99,dream-team,https://pesdb.net/efootball/players/raphinha-106743627624500
Riyad Mahrez,RWF,Al Ahli Saudi FC,AFC Champions League™ Selection 16 Feb '26,Algeria,84,34,98,dream-team,https://pesdb.net/efootball/players/riyad-mahrez-106771293204765
Riyad Mahrez,RWF,Manchester B,Show Time 13 Apr '23,Algeria,84,26,96,dream-team,https://pesdb.net/efootball/players/riyad-mahrez-106653164826909
Robert Lewandowski,CF,FC Barcelona,900 Million Downloads Campaign,Poland,84,27,97,dream-team,https://pesdb.net/efootball/players/robert-lewandowski-106758391503938
Ronald Araújo,CB,FC Barcelona,Show Time Spanish League 22-23,Uruguay,84,29,97,dream-team,https://pesdb.net/efootball/players/ronald-araujo-106654775510464
S. Milinković-Savić,CMF,S.S. Lazio,Show Time Italian League 22-23,Serbia,84,36,97,dream-team,https://pesdb.net/efootball/players/s-milinkovic-savic-106654507051839
Sandro Tonali,CMF,Newcastle WB,eFootball™ League Rewards Phase 5,Italy,84,32,97,dream-team,https://pesdb.net/efootball/players/sandro-tonali-106764565597595
Sergio Busquets,DMF,Miami BP,American League Selection 17 Nov '25,Spain,84,33,98,dream-team,https://pesdb.net/efootball/players/sergio-busquets-106766176130728
Serhou Guirassy,CF,Borussia Dortmund,eFootball™ League Rewards Phase 9,Guinea,84,32,98,dream-team,https://pesdb.net/efootball/players/serhou-guirassy-106769397419872
Son Heung-Min,CF,Los Angeles BY,American League Selection 17 Nov '25,Korea Republic,84,34,98,dream-team,https://pesdb.net/efootball/players/son-heung-min-106766176135223
Son Heung-Min,CF,Korea Republic,AFC Asian Qualifiers™ Selection 22 May '25,Korea Republic,84,31,98,dream-team,https://pesdb.net/efootball/players/son-heung-min-106746899114039
T. Alexander-Arnold,RB,Madrid Chamartin B,Summer Transfer 28 Jul '25,England,84,34,98,dream-team,https://pesdb.net/efootball/players/t-alexander-arnold-106745775110909
T. Alexander-Arnold,RB,Liverpool R,The All-Rounders 26 Dec '24,England,84,33,98,dream-team,https://pesdb.net/efootball/players/t-alexander-arnold-106733963950845
Tanaka Ao,CMF,Leeds W,Japanese Stars 5 Jun '25,Japan,84,35,98,dream-team,https://pesdb.net/efootball/players/tanaka-ao-106752217564110
Taniguchi Shogo,CB,Japan,Japan Selection 11 Jul '26,Japan,84,29,99,dream-team,https://pesdb.net/efootball/players/taniguchi-shogo-106783356022615
Thomas Müller,AMF,Vancouver BW,American League Selection 17 Nov '25,Germany,84,31,98,dream-team,https://pesdb.net/efootball/players/thomas-muller-106766176132874
Théo Hernández,LB,AC Milan,Show Time Italian League 23-24,France,84,36,98,dream-team,https://pesdb.net/efootball/players/theo-hernandez-106729132110484
Tijjani Reijnders,CMF,Manchester B,Summer Transfer 28 Jul '25,Netherlands,84,35,98,dream-team,https://pesdb.net/efootball/players/tijjani-reijnders-106745775115778
Toni Kroos,CMF,Madrid Chamartin B,Show Time 18 May '23,Germany,84,31,96,dream-team,https://pesdb.net/efootball/players/toni-kroos-106653433237410
Victor Osimhen,CF,Galatasaray SK,Trendyol Süper Lig 25-26 Season's Best,Nigeria,84,32,102,dream-team,https://pesdb.net/efootball/players/victor-osimhen-106779597991855
Victor Osimhen,CF,Galatasaray SK,Trendyol Süper Lig Monthly MVPs Feb '26,Nigeria,84,32,102,dream-team,https://pesdb.net/efootball/players/victor-osimhen-106771008057263
Victor Osimhen,CF,Galatasaray SK,Trendyol Süper Lig Monthly MVPs Sep '25,Nigeria,84,32,102,dream-team,https://pesdb.net/efootball/players/victor-osimhen-106756780978095
Victor Osimhen,CF,Galatasaray SK,Trendyol Süper Lig Monthly MVPs Aug '25,Nigeria,84,32,102,dream-team,https://pesdb.net/efootball/players/victor-osimhen-106756512542639
Victor Osimhen,CF,Galatasaray SK,Trendyol Süper Lig Selection 27 Mar '25,Nigeria,84,31,101,dream-team,https://pesdb.net/efootball/players/victor-osimhen-106738527367087
Victor Osimhen,CF,Napoli A,Show Time 2 Mar '23,Nigeria,84,29,96,dream-team,https://pesdb.net/efootball/players/victor-osimhen-106652628021167
Vózinha,GK,Santiago B,Show Time 6 Aug '26,Cabo Verde,84,29,99,dream-team,https://pesdb.net/efootball/players/vozinha-106799462259226
Watanabe Tsuyoshi,CB,Japan,Japan Selection 11 Jul '26,Japan,84,27,99,dream-team,https://pesdb.net/efootball/players/watanabe-tsuyoshi-106783356088205
Xavi Simons,AMF,Netherlands,Extraordinary One 4 Dec '25,Netherlands,84,30,98,dream-team,https://pesdb.net/efootball/players/xavi-simons-106766444664616
Éder Militão,CB,Madrid Chamartin B,Show Time 9 Mar '23,Brazil,84,25,96,dream-team,https://pesdb.net/efootball/players/eder-militao-106652896443253
Ademola Lookman,AMF,Nigeria,Best Players of CAF AFRICA CUP OF NATIONS 25,Nigeria,83,33,98,dream-team,https://pesdb.net/efootball/players/ademola-lookman-106764917911559
Alessandro Bastoni,CB,Italy,International Cup Qualifiers Campaign 13 Mar '25,Italy,83,23,96,dream-team,https://pesdb.net/efootball/players/alessandro-bastoni-106737453613030
Alex Iwobi,AMF,Nigeria,CAF AFRICA CUP OF NATIONS 25 vol.1,Nigeria,83,32,98,dream-team,https://pesdb.net/efootball/players/alex-iwobi-106765186342826
Alexander Sørloth,CF,Norway,The Football Festival Campaign 2026,Norway,83,34,98,dream-team,https://pesdb.net/efootball/players/alexander-sorloth-106785503555830
Andrew Robertson,LB,Scotland,National Teams Selection 6 Nov '25,Scotland,83,35,98,dream-team,https://pesdb.net/efootball/players/andrew-robertson-106762149661348
Antoine Griezmann,SS,Madrid Rosas RB,Show Time 27 Jul '23,France,83,35,97,dream-team,https://pesdb.net/efootball/players/antoine-griezmann-106655312291148
Arif Aiman,RMF,Johor Darul Ta'zim FC,AFC Champions League Elite™ Selection 20 Oct '25,Malaysia,83,33,97,dream-team,https://pesdb.net/efootball/players/arif-aiman-106761092731496
Aymeric Laporte,CB,Spain,International Match Campaign Sep '26,Spain,83,31,99,dream-team,https://pesdb.net/efootball/players/aymeric-laporte-106799193700770
Barış Alper Yılmaz,RWF,Galatasaray SK,Breakthrough Talents 9 Dec '24,Türkiye,83,31,97,dream-team,https://pesdb.net/efootball/players/baris-alper-yilmaz-106735574597166
Bernardo Silva,RWF,Portugal,National Teams Selection 6 Nov '25,Portugal,83,32,98,dream-team,https://pesdb.net/efootball/players/bernardo-silva-106762149664546
Cristian Romero,CB,Argentina,The Football Festival Campaign 2026,Argentina,83,27,98,dream-team,https://pesdb.net/efootball/players/cristian-romero-106785503556272
Dani Olmo,AMF,Spain,Show Time Continental Tournaments '24,Spain,83,33,97,dream-team,https://pesdb.net/efootball/players/dani-olmo-106731548029238
Darwin Núñez,CF,Uruguay,Starter Set 28 May '26,Uruguay,83,35,98,dream-team,https://pesdb.net/efootball/players/darwin-nunez-106777450514613
David de Gea,GK,Firenze V,eFootball™ League Rewards Phase 7,Spain,83,27,98,dream-team,https://pesdb.net/efootball/players/david-de-gea-106768860487291
Dion Cools,RB,Malaysia,National Teams Selection Southeast Asia 27 Nov '25,Malaysia,83,35,97,dream-team,https://pesdb.net/efootball/players/dion-cools-106761881238104
Dominik Szoboszlai,AMF,Hungary,National Teams Selection Midfielders 16 Nov '23,Hungary,83,31,97,dream-team,https://pesdb.net/efootball/players/dominik-szoboszlai-106722421243151
Désiré Doué,RWF,France,Daily Bonus 2026,France,83,32,97,dream-team,https://pesdb.net/efootball/players/desire-doue-106765639374176
Eliano Reijnders,LB,Persib Bandung,AFC Champions League™ Selection 16 Feb '26,Indonesia,83,35,97,dream-team,https://pesdb.net/efootball/players/eliano-reijnders-106771293270235
Estêvão,RWF,SE Palmeiras,Brazilian League Kick-off 27 Mar '25,Brazil,83,34,101,dream-team,https://pesdb.net/efootball/players/estevao-106737185230079
Ferdi Kadıoğlu,RMF,Brighton WB,The All-Rounders 26 Dec '24,Türkiye,83,36,98,dream-team,https://pesdb.net/efootball/players/ferdi-kadioglu-106733963951528
Guilherme Bissoli,CF,Buriram United F.C.,BYD SEALION 6 LEAGUE 1 Selection 8 Jan '26,Brazil,83,31,100,dream-team,https://pesdb.net/efootball/players/guilherme-bissoli-106760807496569
Hamdy Fathy,DMF,Egypt,Best Players of CAF AFRICA CUP OF NATIONS 25,Egypt,83,35,98,dream-team,https://pesdb.net/efootball/players/hamdy-fathy-106764917945800
Isco,AMF,Sevilla Triana VB,eFootball™ League Rewards Phase 1,Spain,83,33,97,dream-team,https://pesdb.net/efootball/players/isco-106753559668284
Ivar Jenner,DMF,Indonesia,National Teams Selection Southeast Asia 27 Nov '25,Indonesia,83,35,97,dream-team,https://pesdb.net/efootball/players/ivar-jenner-106761881289891
Jordan Henderson,DMF,England,National Teams Selection 6 Nov '25,England,83,35,98,dream-team,https://pesdb.net/efootball/players/jordan-henderson-106762149600615
Jordi Alba,LB,Miami BP,American League Selection 17 Nov '25,Spain,83,35,98,dream-team,https://pesdb.net/efootball/players/jordi-alba-106766176132585
Jorginho,DMF,Arsenal FC,Show Time eFootball™ Festival 2024,Italy,83,34,97,dream-team,https://pesdb.net/efootball/players/jorginho-106730474235970
Kai Havertz,CF,Arsenal FC,Show Time eFootball™ Festival 2024,Germany,83,32,97,dream-team,https://pesdb.net/efootball/players/kai-havertz-106730474291018
Kim Min-Jae,CB,München RW,Korea Republic Focus Campaign 13 Mar '25,Korea Republic,83,1,84,dream-team,https://pesdb.net/efootball/players/kim-min-jae-106739869539932
Kim Min-Jae,CB,Napoli A,Show Time Italian League 22-23,Korea Republic,83,27,96,dream-team,https://pesdb.net/efootball/players/kim-min-jae-106654507064924
Kubo Takefusa,AMF,Japan,The Football Festival Campaign 2026,Japan,83,1,84,dream-team,https://pesdb.net/efootball/players/kubo-takefusa-106780403293192
Lamine Yamal,RWF,FC Barcelona,Show Time Spanish League 23-24,Spain,83,32,97,dream-team,https://pesdb.net/efootball/players/lamine-yamal-106728863725890
Leandro Trossard,LWF,Beşiktaş JK,Trendyol Süper Lig Monthly MVPs Aug '26,Belgium,83,34,101,dream-team,https://pesdb.net/efootball/players/leandro-trossard-106793288192916
Leroy Sané,RWF,Galatasaray SK,Trendyol Süper Lig Monthly MVPs Oct '25,Germany,83,31,101,dream-team,https://pesdb.net/efootball/players/leroy-sane-106757317825013
Lionel Messi,RWF,Argentina,Skill Up 2026,Argentina,83,29,97,dream-team,https://pesdb.net/efootball/players/lionel-messi-106747654053207
Lucas Paquetá,AMF,Brazil,Battle for the Show Time,Brazil,83,1,85,dream-team,https://pesdb.net/efootball/players/lucas-paqueta-106767518381244
Luka Modrić,CMF,Madrid Chamartin B,Show Time 27 Jul '23,Croatia,83,38,97,dream-team,https://pesdb.net/efootball/players/luka-modric-106655312282930
Maeda Daizen,LWF,Celtic FC,Japanese Stars 5 Jun '25,Japan,83,34,98,dream-team,https://pesdb.net/efootball/players/maeda-daizen-106752217570149
Malcom,RWF,Al Hilal SFC,AFC Champions League Selection 23 May '24,Brazil,83,29,96,dream-team,https://pesdb.net/efootball/players/malcom-106729954183936
Marco Asensio,AMF,Fenerbahçe SK,Trendyol Süper Lig 25-26 Season's Best,Spain,83,35,101,dream-team,https://pesdb.net/efootball/players/marco-asensio-106779597968380
Marco Asensio,AMF,Fenerbahçe SK,Trendyol Süper Lig Monthly MVPs Mar '26,Spain,83,33,101,dream-team,https://pesdb.net/efootball/players/marco-asensio-106772350211068
Marco Verratti,CMF,Paris Saint-Germain,Show Time 18 May '23,Italy,83,35,96,dream-team,https://pesdb.net/efootball/players/marco-verratti-106653433246643
Marcus Rashford,LWF,FC Barcelona,New Year's Gift 2026,England,83,32,98,dream-team,https://pesdb.net/efootball/players/marcus-rashford-106766981509166
Marquinhos,CB,Brazil,National Teams Selection 6 Nov '25,Brazil,83,27,98,dream-team,https://pesdb.net/efootball/players/marquinhos-106762149606313
Matteo Guendouzi,CMF,Fenerbahçe SK,Trendyol Süper Lig Monthly MVPs Apr '26,France,83,35,101,dream-team,https://pesdb.net/efootball/players/matteo-guendouzi-106779061108686
Memphis Depay,SS,Netherlands,The Football Festival Campaign 2026,Netherlands,83,32,98,dream-team,https://pesdb.net/efootball/players/memphis-depay-106785503491871
Mike Maignan,GK,AC Milan,Ranking Event Rewards 2027,France,83,1,87,dream-team,https://pesdb.net/efootball/players/mike-maignan-106798388407327
Mikel Merino,AMF,Spain,The Football Festival Campaign 2026,Spain,83,33,98,dream-team,https://pesdb.net/efootball/players/mikel-merino-106785503548605
Mikel Oyarzabal,CF,Vasco Gipuzkoa AB,Show Time 12 Feb '26,Spain,83,27,96,dream-team,https://pesdb.net/efootball/players/mikel-oyarzabal-106771544911876
Mohamed Salah,RWF,Liverpool R,Show Time 7 Dec '23,Egypt,83,36,98,dream-team,https://pesdb.net/efootball/players/mohamed-salah-106723494911779
N'Golo Kanté,DMF,Fenerbahçe SK,Trendyol Süper Lig Monthly MVPs Apr '26,France,83,33,101,dream-team,https://pesdb.net/efootball/players/n-golo-kante-106779061095382
N'Golo Kanté,DMF,Al Ittihad Club,AFC Champions League Selection 25 Dec '23,France,83,27,96,dream-team,https://pesdb.net/efootball/players/n-golo-kante-106723780168662
Nakamura Keito,LMF,Stade de Reims,Breakthrough Talents 9 Dec '24,Japan,83,33,97,dream-team,https://pesdb.net/efootball/players/nakamura-keito-106735574574294
Nico Schlotterbeck,CB,Germany,eFootball™ League Rewards Phase 11,Germany,83,27,98,dream-team,https://pesdb.net/efootball/players/nico-schlotterbeck-106769934330781
Nicolas Jackson,CF,Senegal,Road to CAF AFCON 2027,Senegal,83,34,97,dream-team,https://pesdb.net/efootball/players/nicolas-jackson-106797935502918
Noni Madueke,RWF,England,The Football Festival Campaign 2026,England,83,31,98,dream-team,https://pesdb.net/efootball/players/noni-madueke-106785503578291
Ogawa Koki,CF,Japan,Japan Selection 2 Jul '26,Japan,83,34,98,dream-team,https://pesdb.net/efootball/players/ogawa-koki-106783087647510
Orkun Kökçü,AMF,Beşiktaş JK,Trendyol Süper Lig Monthly MVPs Feb '26,Türkiye,83,33,101,dream-team,https://pesdb.net/efootball/players/orkun-kokcu-106771008054113
Orkun Kökçü,CMF,Beşiktaş JK,Trendyol Süper Lig Monthly MVPs Oct '25,Türkiye,83,33,101,dream-team,https://pesdb.net/efootball/players/orkun-kokcu-106757317845857
Orkun Kökçü,CMF,Türkiye,Daily Bonus 2026,Türkiye,83,36,97,dream-team,https://pesdb.net/efootball/players/orkun-kokcu-106747922604897
P. E. Aubameyang,CF,Olympique de Marseille,eFootball™ League Rewards Phase 2,Gabon,83,32,97,dream-team,https://pesdb.net/efootball/players/p-e-aubameyang-106760270552451
Paul Onuachu,CF,Trabzonspor,Trendyol Süper Lig 25-26 Season's Best,Nigeria,83,32,101,dream-team,https://pesdb.net/efootball/players/paul-onuachu-106779597985415
Paulo Dybala,AMF,Roma GR,Show Time Italian League 23-24,Argentina,83,35,97,dream-team,https://pesdb.net/efootball/players/paulo-dybala-106729132046411
Rafa Silva,AMF,Beşiktaş JK,Trendyol Süper Lig Monthly MVPs Aug '25,Portugal,83,31,100,dream-team,https://pesdb.net/efootball/players/rafa-silva-106756512476135
Rafa Silva,AMF,Beşiktaş JK,Trendyol Süper Lig Selection 27 Mar '25,Portugal,83,31,100,dream-team,https://pesdb.net/efootball/players/rafa-silva-106738527300583
Raphinha,LMF,FC Barcelona,The All-Rounders 26 Dec '24,Brazil,83,36,98,dream-team,https://pesdb.net/efootball/players/raphinha-106733963948084
Rayan Aït-Nouri,LB,Algeria,CAF AFRICA CUP OF NATIONS 25 vol.2,Algeria,83,35,98,dream-team,https://pesdb.net/efootball/players/rayan-ait-nouri-106765454795104
Roberto Firmino,CF,Al Ahli Saudi FC,AFC Champions League Elite™ Selection 13 Jan '25,Brazil,83,35,98,dream-team,https://pesdb.net/efootball/players/roberto-firmino-106734786026053
Rodrigo De Paul,CMF,Argentina,eFootball™ League Rewards Phase 12,Argentina,83,1,85,dream-team,https://pesdb.net/efootball/players/rodrigo-de-paul-106770202684241
Rodrigo De Paul,RMF,Argentina,Show Time Continental Tournaments '24,Argentina,83,33,97,dream-team,https://pesdb.net/efootball/players/rodrigo-de-paul-106731547978577
Rúben Neves,DMF,Portugal,Daily Bonus,Portugal,83,31,96,dream-team,https://pesdb.net/efootball/players/ruben-neves-106727253055244
Savinho,LWF,Manchester B,Standout Lefties 3 Feb '25,Brazil,83,35,98,dream-team,https://pesdb.net/efootball/players/savinho-106738795814310
Seksan Ratree,CMF,Thailand,National Teams Selection Southeast Asia 27 Nov '25,Thailand,83,35,97,dream-team,https://pesdb.net/efootball/players/seksan-ratree-106761881282574
Semih Kılıçsoy,CF,Türkiye,National Team Selection Türkiye 20 Mar '25,Türkiye,83,34,97,dream-team,https://pesdb.net/efootball/players/semih-kilicsoy-106737990526435
Serge Gnabry,RMF,Germany,International Cup Qualifiers Campaign 13 Mar '25,Germany,83,30,96,dream-team,https://pesdb.net/efootball/players/serge-gnabry-106737453559252
Soma Yuki,AMF,FC Machida Zelvia,AFC Champions League Elite™ Selection 20 Oct '25,Japan,83,31,97,dream-team,https://pesdb.net/efootball/players/soma-yuki-106761092722444
Son Heung-Min,LWF,Tottenham WB,Show Time 7 Dec '23,Korea Republic,83,36,98,dream-team,https://pesdb.net/efootball/players/son-heung-min-106723494897719
Suzuki Zion,GK,Parma Calcio 1913,Japanese Stars 10 Nov '25,Japan,83,32,99,dream-team,https://pesdb.net/efootball/players/suzuki-zion-106762418131391
T. Alexander-Arnold,RB,Liverpool R,Show Time 8 Jun '23,England,83,37,97,dream-team,https://pesdb.net/efootball/players/t-alexander-arnold-106653701749501
Takai Kota,CB,Tottenham WB,Show Time 9 Aug '25,Japan,83,31,98,dream-team,https://pesdb.net/efootball/players/takai-kota-106753828209219
Talisca,AMF,Fenerbahçe SK,Trendyol Süper Lig Monthly MVPs Dec '25,Brazil,83,31,100,dream-team,https://pesdb.net/efootball/players/talisca-106757586221077
Thiago Silva,CB,Chelsea B,Show Time 9 Mar '23,Brazil,83,29,97,dream-team,https://pesdb.net/efootball/players/thiago-silva-106652896368901
Toni Kroos,CMF,Madrid Chamartin B,Show Time European Club Tournaments 23-24,Germany,83,36,97,dream-team,https://pesdb.net/efootball/players/toni-kroos-106727521423266
Ueda Ayase,CF,Feyenoord,Japanese Stars 10 Nov '25,Japan,83,35,99,dream-team,https://pesdb.net/efootball/players/ueda-ayase-106762418128755
Vedat Muriqi,CF,Fenerbahçe SK,Trendyol Süper Lig Monthly MVPs Aug '26,Kosovo,83,34,101,dream-team,https://pesdb.net/efootball/players/vedat-muriqi-106793288194328
Warren Zaïre-Emery,CMF,Paris Saint-Germain,New Year's Gift 1 Jan '25,France,83,29,96,dream-team,https://pesdb.net/efootball/players/warren-zaire-emery-106735843042971
Xavi Simons,AMF,Netherlands,Show Time 13 Jun '24,Netherlands,83,34,97,dream-team,https://pesdb.net/efootball/players/xavi-simons-106726447781672
Zeki Çelik,RB,Türkiye,Show Time 13 Jun '25,Türkiye,83,1,84,dream-team,https://pesdb.net/efootball/players/zeki-celik-106748727910680
Abdukodir Khusanov,CB,Uzbekistan,AFC Asian Qualifiers™ Selection 22 May '25,Uzbekistan,82,31,97,dream-team,https://pesdb.net/efootball/players/abdukodir-khusanov-106746899235852
Ademola Lookman,AMF,Atalanta BC,Show Time European Club Tournaments 23-24,Nigeria,82,32,96,dream-team,https://pesdb.net/efootball/players/ademola-lookman-106727521497095
Alan Patrick,AMF,SC Internacional,Brazilian League Selection 30 Oct '25,Brazil,82,35,100,dream-team,https://pesdb.net/efootball/players/alan-patrick-106755707216005
Alex Telles,LB,Botafogo FR,Brasileirão Betano Selection 3 Sep '26,Brazil,82,35,100,dream-team,https://pesdb.net/efootball/players/alex-telles-106793556556399
Aymen Hussein,CF,Iraq,AFC Asian Qualifiers™ Selection 22 May '25,Iraq,82,35,96,dream-team,https://pesdb.net/efootball/players/aymen-hussein-106746899194332
Barış Alper Yılmaz,LMF,Galatasaray SK,Trendyol Süper Lig Monthly MVPs Apr '26,Türkiye,82,32,100,dream-team,https://pesdb.net/efootball/players/baris-alper-yilmaz-106779061141038
Breno Bidon,AMF,SC Corinthians Paulista,Brasileirão Betano Selection 5 Mar '26,Brazil,82,35,100,dream-team,https://pesdb.net/efootball/players/breno-bidon-106774497745510
Bérgson,CF,Johor Darul Ta'zim FC,AFC Champions League™ Selection 16 Feb '26,Brazil,82,34,97,dream-team,https://pesdb.net/efootball/players/bergson-106771293203810
Calvin Bassey,CB,Nigeria,Road to CAF AFCON 2027,Nigeria,82,27,97,dream-team,https://pesdb.net/efootball/players/calvin-bassey-106797935500212
Chrigor,CF,Selangor FC,Liga Super Malaysia 25-26 Season's Best,Brazil,82,29,98,dream-team,https://pesdb.net/efootball/players/chrigor-106783624536797
Ciro Immobile,CF,Beşiktaş JK,Trendyol Süper Lig 24-25 Season's Best,Italy,82,34,100,dream-team,https://pesdb.net/efootball/players/ciro-immobile-106744969732202
Cody Gakpo,LWF,Netherlands,Offensive Genius 17 Oct '24,Netherlands,82,35,97,dream-team,https://pesdb.net/efootball/players/cody-gakpo-106735037701276
Dan Burn,CB,England,Towering Giants 29 May '25,England,82,33,98,dream-team,https://pesdb.net/efootball/players/dan-burn-106741211655929
Dani Carvajal,RB,Madrid Chamartin B,eFootball™ League Rewards Phase 4,Spain,82,33,96,dream-team,https://pesdb.net/efootball/players/dani-carvajal-106764297101321
Darwin Núñez,CF,Liverpool R,New Year's Gift 1 Jan '25,Uruguay,82,32,96,dream-team,https://pesdb.net/efootball/players/darwin-nunez-106735843018933
David Alaba,CB,Austria,Starter Set 28 May '26,Austria,82,31,98,dream-team,https://pesdb.net/efootball/players/david-alaba-106777718857892
Davinson Sánchez,CB,Galatasaray SK,Trendyol Süper Lig Monthly MVPs Jan '26,Colombia,82,29,100,dream-team,https://pesdb.net/efootball/players/davinson-sanchez-106768323680420
Davinson Sánchez,CB,Galatasaray SK,Trendyol Süper Lig Monthly MVPs Aug '25,Colombia,82,29,100,dream-team,https://pesdb.net/efootball/players/davinson-sanchez-106756512520356
Dušan Tadić,AMF,Fenerbahçe SK,Trendyol Süper Lig 24-25 Season's Best,Serbia,82,35,100,dream-team,https://pesdb.net/efootball/players/dusan-tadic-106744969733514
Eldor Shomurodov,AMF,RAMS Başakşehir FK,Trendyol Süper Lig Monthly MVPs May '26,Uzbekistan,82,35,100,dream-team,https://pesdb.net/efootball/players/eldor-shomurodov-106779329535631
Emil Audero,GK,Indonesia,National Team Selection Indonesia 2 Oct '25,Indonesia,82,32,98,dream-team,https://pesdb.net/efootball/players/emil-audero-106758173464832
Endrick,CF,Madrid Chamartin B,New Year's Gift 1 Jan '25,Brazil,82,31,96,dream-team,https://pesdb.net/efootball/players/endrick-106735843043104
Enner Valencia,CF,SC Internacional,Brazilian League Selection 1 May '25,Ecuador,82,32,99,dream-team,https://pesdb.net/efootball/players/enner-valencia-106742016943293
Federico Dimarco,LB,Internazionale Milano,Italian League Selection Guardians 2 Oct '23,Italy,82,35,96,dream-team,https://pesdb.net/efootball/players/federico-dimarco-106721884349606
Fred,AMF,Fenerbahçe SK,Trendyol Süper Lig Monthly MVPs May '26,Brazil,82,35,100,dream-team,https://pesdb.net/efootball/players/fred-106779329486937
Gabriel Sara,AMF,Galatasaray SK,Trendyol Süper Lig Monthly MVPs Aug '26,Brazil,82,32,100,dream-team,https://pesdb.net/efootball/players/gabriel-sara-106793288192357
Gedson Fernandes,CMF,Beşiktaş JK,Trendyol Süper Lig Selection 15 May '25,Portugal,82,36,100,dream-team,https://pesdb.net/efootball/players/gedson-fernandes-106741748591999
Giovanni Di Lorenzo,RB,Napoli A,Italian League Selection Guardians 2 Oct '23,Italy,82,35,96,dream-team,https://pesdb.net/efootball/players/giovanni-di-lorenzo-106721884358890
Gustavo Gómez,CB,SE Palmeiras,Brazilian League Selection 30 Oct '25,Paraguay,82,29,100,dream-team,https://pesdb.net/efootball/players/gustavo-gomez-106755707155132
Ibrahim Maza,AMF,Algeria,Road to CAF AFCON 2027,Algeria,82,32,97,dream-team,https://pesdb.net/efootball/players/ibrahim-maza-106797935535829
Igor Jesus,CF,Botafogo FR,Brazilian League Selection 29 May '25,Brazil,82,34,100,dream-team,https://pesdb.net/efootball/players/igor-jesus-106740674853884
Jay Idzes,CB,Indonesia,National Team Selection Indonesia 22 May '25,Indonesia,82,33,97,dream-team,https://pesdb.net/efootball/players/jay-idzes-106747167643936
Jhon Arias,LMF,SE Palmeiras,Brasileirão Betano Selection 3 Sep '26,Colombia,82,35,101,dream-team,https://pesdb.net/efootball/players/jhon-arias-106793556628791
Joaquín Piquerez,LB,SE Palmeiras,Brazilian League Selection 25 Sep '25,Uruguay,82,35,100,dream-team,https://pesdb.net/efootball/players/joaquin-piquerez-106755438820479
Joelinton,CMF,Newcastle WB,Show Time 13 Nov '25,Brazil,82,33,96,dream-team,https://pesdb.net/efootball/players/joelinton-106761612796044
Joey Pelupessy,DMF,Indonesia,National Team Selection Indonesia 2 Oct '25,Indonesia,82,35,96,dream-team,https://pesdb.net/efootball/players/joey-pelupessy-106758173423636
Jordan Pickford,GK,England,GK Directing Defence 29 May '25,England,82,30,96,dream-team,https://pesdb.net/efootball/players/jordan-pickford-106740406335670
Jorginho,DMF,CR Flamengo,Brasileirão Betano Selection 3 Sep '26,Italy,82,35,100,dream-team,https://pesdb.net/efootball/players/jorginho-106793556568130
Juninho Capixaba,LB,Red Bull Bragantino,Brazilian League Selection 28 Aug '25,Brazil,82,35,100,dream-team,https://pesdb.net/efootball/players/juninho-capixaba-106755170349023
Justin Hubner,CB,Indonesia,National Team Selection Indonesia 2 Oct '25,Indonesia,82,33,98,dream-team,https://pesdb.net/efootball/players/justin-hubner-106758173527305
K. Viveros,CF,Athletico Paranaense,Brasileirão Betano Selection 3 Sep '26,Colombia,82,34,100,dream-team,https://pesdb.net/efootball/players/k-viveros-106793556628757
Kalidou Koulibaly,CB,Senegal,CAF AFRICA CUP OF NATIONS 25 vol.2,Senegal,82,33,98,dream-team,https://pesdb.net/efootball/players/kalidou-koulibaly-106765454774629
Kalidou Koulibaly,CB,Al Hilal SFC,AFC Champions League Selection 25 Dec '23,Senegal,82,28,96,dream-team,https://pesdb.net/efootball/players/kalidou-koulibaly-106723780170085
Kenan Yıldız,SS,Türkiye,Özel Başlangıç Paketi: Türkiye 27 Feb '25,Türkiye,82,1,83,dream-team,https://pesdb.net/efootball/players/kenan-yildiz-106739064275997
Kobbie Mainoo,CMF,Manchester United,Hard-working Players 3 Oct '24,England,82,38,97,dream-team,https://pesdb.net/efootball/players/kobbie-mainoo-106732084947988
Kubo Takefusa,RWF,Vasco Gipuzkoa AB,Spanish League Selection Attackers 27 Nov '23,Japan,82,32,96,dream-team,https://pesdb.net/efootball/players/kubo-takefusa-106722958105608
Kyle Walker,RB,Manchester B,Hard-working Players 3 Oct '24,England,82,42,98,dream-team,https://pesdb.net/efootball/players/kyle-walker-106732084830367
Lewis Dunk,CB,Brighton WB,eFootball™ League Rewards Phase 3,England,82,29,96,dream-team,https://pesdb.net/efootball/players/lewis-dunk-106760539047830
Lucas Beraldo,CB,Paris Saint-Germain,Club International Cup Campaign 12 Jun '25,Brazil,82,25,95,dream-team,https://pesdb.net/efootball/players/lucas-beraldo-106749264802276
Lucas Moura,RMF,São Paulo F.C.,Brazilian League Kick-off 27 Mar '25,Brazil,82,33,100,dream-team,https://pesdb.net/efootball/players/lucas-moura-106737185105810
Luciano,AMF,São Paulo F.C.,Brazilian League Selection 1 May '25,Brazil,82,35,100,dream-team,https://pesdb.net/efootball/players/luciano-106742016948576
Luciano Juba,LB,EC Bahia,Brasileirão Betano Selection 5 Mar '26,Brazil,82,35,100,dream-team,https://pesdb.net/efootball/players/luciano-juba-106774497726444
Luiz Araújo,RMF,CR Flamengo,Brazilian League Selection 25 Sep '25,Brazil,82,35,100,dream-team,https://pesdb.net/efootball/players/luiz-araujo-106755438787299
Luke Shaw,LB,Manchester United,Show Time 8 Jun '23,England,82,35,95,dream-team,https://pesdb.net/efootball/players/luke-shaw-106653701683166
Léo Ceará,CF,Kashima Antlers,J.LEAGUE Monthly MVPs May '26,Brazil,82,34,100,dream-team,https://pesdb.net/efootball/players/leo-ceara-106776108311976
Léo Ceará,CF,Kashima Antlers,J.LEAGUE Monthly MVPs Feb '26,Brazil,82,34,100,dream-team,https://pesdb.net/efootball/players/leo-ceara-106775303005608
Léo Ceará,CF,Kashima Antlers,2025 J.LEAGUE AWARDS,Brazil,82,34,100,dream-team,https://pesdb.net/efootball/players/leo-ceara-106751949120936
Manuel Akanji,CB,Switzerland,Daily Bonus 2026,Switzerland,82,31,98,dream-team,https://pesdb.net/efootball/players/manuel-akanji-106780671715908
Marco Asensio,AMF,Fenerbahçe SK,Trendyol Süper Lig Monthly MVPs Oct '25,Spain,82,32,100,dream-team,https://pesdb.net/efootball/players/marco-asensio-106757317825532
Marco Asensio,AMF,Fenerbahçe SK,Trendyol Süper Lig Monthly MVPs Nov '25,Spain,82,32,100,dream-team,https://pesdb.net/efootball/players/marco-asensio-106757049390076
Marselino Ferdinan,AMF,Indonesia,National Team Selection Indonesia 22 May '25,Indonesia,82,35,96,dream-team,https://pesdb.net/efootball/players/marselino-ferdinan-106747167662741
Mauro Icardi,CF,Galatasaray SK,Trendyol Süper Lig Monthly MVPs May '26,Argentina,82,32,100,dream-team,https://pesdb.net/efootball/players/mauro-icardi-106779329476141
Mauro Icardi,CF,Galatasaray SK,Trendyol Süper Lig Selection 15 May '25,Argentina,82,32,100,dream-team,https://pesdb.net/efootball/players/mauro-icardi-106741748512301
Michael Olise,RMF,München RW,Summer Transfer 29 Aug '24,France,82,33,96,dream-team,https://pesdb.net/efootball/players/michael-olise-106731011176793
Miki Tomoya,CMF,Avispa Fukuoka,J.LEAGUE Monthly MVPs Apr '26,Japan,82,33,100,dream-team,https://pesdb.net/efootball/players/miki-tomoya-106775839900908
Milan Škriniar,CB,Fenerbahçe SK,Trendyol Süper Lig Monthly MVPs Jan '26,Slovakia,82,29,100,dream-team,https://pesdb.net/efootball/players/milan-skriniar-106768323686982
Milan Škriniar,CB,Fenerbahçe SK,Trendyol Süper Lig Monthly MVPs Sep '25,Slovakia,82,29,100,dream-team,https://pesdb.net/efootball/players/milan-skriniar-106756780962374
Milan Škriniar,CB,Fenerbahçe SK,Trendyol Süper Lig Monthly MVPs Aug '25,Slovakia,82,29,100,dream-team,https://pesdb.net/efootball/players/milan-skriniar-106756512526918
N'Golo Kanté,DMF,France,Daily Bonus,France,82,39,97,dream-team,https://pesdb.net/efootball/players/n-golo-kante-106736916728790
Nawata Gaku,AMF,Gamba Osaka,AFC Champions League™ Selection 16 Feb '26,Japan,82,35,96,dream-team,https://pesdb.net/efootball/players/nawata-gaku-106771293316203
Nicolás de la Cruz,CMF,CR Flamengo,Brazilian League Selection 27 Nov '25,Uruguay,82,36,100,dream-team,https://pesdb.net/efootball/players/nicolas-de-la-cruz-106755975663185
Nooa Laine,CMF,Malaysia,National Teams Selection Southeast Asia 27 Nov '25,Malaysia,82,35,96,dream-team,https://pesdb.net/efootball/players/nooa-laine-106761881292414
Noussair Mazraoui,LB,Morocco,Road to CAF AFCON 2027,Morocco,82,35,97,dream-team,https://pesdb.net/efootball/players/noussair-mazraoui-106797935481937
Nélson Semedo,RB,Fenerbahçe SK,Trendyol Süper Lig Monthly MVPs Nov '25,Portugal,82,33,100,dream-team,https://pesdb.net/efootball/players/nelson-semedo-106757049395352
Ole Romeny,CF,Indonesia,National Team Selection Indonesia 22 May '25,Indonesia,82,36,97,dream-team,https://pesdb.net/efootball/players/ole-romeny-106747167629241
Oscar,AMF,São Paulo F.C.,Brazilian League Selection 29 May '25,Brazil,82,35,100,dream-team,https://pesdb.net/efootball/players/oscar-106740674765072
Paul Onuachu,CF,Trabzonspor,Trendyol Süper Lig Monthly MVPs Mar '26,Nigeria,82,32,100,dream-team,https://pesdb.net/efootball/players/paul-onuachu-106772350228103
Pedro,CF,CR Flamengo,Brazilian League Selection 30 Oct '25,Brazil,82,34,100,dream-team,https://pesdb.net/efootball/players/pedro-106755707220784
Phanthamit Praphanth,LWF,Thailand,National Teams Selection Southeast Asia 27 Nov '25,Thailand,82,34,96,dream-team,https://pesdb.net/efootball/players/phanthamit-praphanth-106761881277010
Rafa Silva,AMF,Beşiktaş JK,Trendyol Süper Lig Monthly MVPs Sep '25,Portugal,82,32,100,dream-team,https://pesdb.net/efootball/players/rafa-silva-106756780911591
Randal Kolo Muani,CF,France,International Cup Qualifiers Campaign 13 Mar '25,France,82,32,96,dream-team,https://pesdb.net/efootball/players/randal-kolo-muani-106737453613622
Raphael Veiga,AMF,SE Palmeiras,Brazilian League Selection 1 May '25,Brazil,82,33,100,dream-team,https://pesdb.net/efootball/players/raphael-veiga-106742017012542
Ricky Kambuaya,AMF,Indonesia,National Team Selection Indonesia 2 Oct '25,Indonesia,82,32,96,dream-team,https://pesdb.net/efootball/players/ricky-kambuaya-106758173516441
Rodrigo Garro,AMF,SC Corinthians Paulista,Brazilian League Selection 28 Aug '25,Argentina,82,35,100,dream-team,https://pesdb.net/efootball/players/rodrigo-garro-106755170362129
Sidny Cabral,RB,Trabzonspor,Trendyol Süper Lig Monthly MVPs Aug '26,Cabo Verde,82,33,100,dream-team,https://pesdb.net/efootball/players/sidny-cabral-106793288250967
Suphanat Mueanta,LWF,Buriram United F.C.,AFC Champions League Elite™ Selection 20 Oct '25,Thailand,82,35,97,dream-team,https://pesdb.net/efootball/players/suphanat-mueanta-106761092718202
Thiago Silva,CB,Fluminense FC,Brazilian League Selection 29 May '25,Brazil,82,31,101,dream-team,https://pesdb.net/efootball/players/thiago-silva-106740674763013
Vitor Roque,CF,SE Palmeiras,Brasileirão Betano Selection 7 May '26,Brazil,82,34,100,dream-team,https://pesdb.net/efootball/players/vitor-roque-106775034613725
William,RB,Cruzeiro EC,Brazilian League Selection 29 May '25,Brazil,82,35,100,dream-team,https://pesdb.net/efootball/players/william-106740674828340
Yassine Bounou,GK,Morocco,Best Players of CAF AFRICA CUP OF NATIONS 25,Morocco,82,32,98,dream-team,https://pesdb.net/efootball/players/yassine-bounou-106764917858093
Yuri Alberto,CF,SC Corinthians Paulista,Brazilian League Kick-off 27 Mar '25,Brazil,82,34,100,dream-team,https://pesdb.net/efootball/players/yuri-alberto-106737185182020
Álvaro Morata,CF,Madrid Rosas RB,Spanish League Selection Attackers 27 Nov '23,Spain,82,32,96,dream-team,https://pesdb.net/efootball/players/alvaro-morata-106722958026838
Éverton Ribeiro,AMF,EC Bahia,Brazilian League Selection 25 Sep '25,Brazil,82,32,100,dream-team,https://pesdb.net/efootball/players/everton-ribeiro-106755438720293
Alexander Sørloth,CF,Norway,Show Time 1 Aug '24,Norway,81,35,96,dream-team,https://pesdb.net/efootball/players/alexander-sorloth-106726716190966
Allan Saint-Maximin,LWF,Fenerbahçe SK,Trendyol Süper Lig Selection 17 Apr '25,France,81,34,100,dream-team,https://pesdb.net/efootball/players/allan-saint-maximin-106742822268038
Anderson Lopes,CF,Yokohama F. Marinos,2024 J.LEAGUE AWARDS,Brazil,81,36,99,dream-team,https://pesdb.net/efootball/players/anderson-lopes-106733695508536
Anderson Lopes,CF,Yokohama F. Marinos,2023 J.LEAGUE AWARDS,Brazil,81,34,98,dream-team,https://pesdb.net/efootball/players/anderson-lopes-106724031832120
André Onana,GK,Trabzonspor,Trendyol Süper Lig Monthly MVPs Feb '26,Cameroon,81,33,99,dream-team,https://pesdb.net/efootball/players/andre-onana-106771008035172
Araki Rui,GK,Gamba Osaka,J.LEAGUE Monthly MVPs Apr '26,Japan,81,29,98,dream-team,https://pesdb.net/efootball/players/araki-rui-106775839943506
Archie Brown,LB,Fenerbahçe SK,Ranking Event Rewards 2027,England,81,1,86,dream-team,https://pesdb.net/efootball/players/archie-brown-106798656929345
Benja Cremaschi,CMF,Miami BP,Club International Cup Campaign 12 Jun '25,United States,81,35,95,dream-team,https://pesdb.net/efootball/players/benja-cremaschi-106749264818797
Cleiton,GK,Red Bull Bragantino,Brasileirão Betano Selection 9 Apr '26,Brazil,81,29,98,dream-team,https://pesdb.net/efootball/players/cleiton-106774766138222
Cássio,GK,Cruzeiro EC,Brazilian League 2025 Season's Best,Brazil,81,32,99,dream-team,https://pesdb.net/efootball/players/cassio-106756244017231
Cédric Soares,RB,São Paulo F.C.,Brazilian League Selection 24 Jul '25,Portugal,81,35,99,dream-team,https://pesdb.net/efootball/players/cedric-soares-106746043475495
Damián Bobadilla,CMF,São Paulo F.C.,Brasileirão Betano Selection 7 May '26,Paraguay,81,35,99,dream-team,https://pesdb.net/efootball/players/damian-bobadilla-106775034629622
Denis Zakaria,DMF,AS Monaco,Show Time Ligue 1 Uber Eats 23-24,Switzerland,81,39,96,dream-team,https://pesdb.net/efootball/players/denis-zakaria-106727789935290
Diogo Costa,GK,Portugal,GK Directing Defence 29 May '25,Portugal,81,32,96,dream-team,https://pesdb.net/efootball/players/diogo-costa-106740406415422
Dominik Livaković,GK,Croatia,GK Directing Defence 29 May '25,Croatia,81,32,96,dream-team,https://pesdb.net/efootball/players/dominik-livakovic-106740406401980
Dominik Livaković,GK,Fenerbahçe SK,Show Time Trendyol Süper Lig 23-24,Croatia,81,32,99,dream-team,https://pesdb.net/efootball/players/dominik-livakovic-106728058371004
Dries Mertens,AMF,Galatasaray SK,Show Time Trendyol Süper Lig 23-24,Belgium,81,35,99,dream-team,https://pesdb.net/efootball/players/dries-mertens-106728058297473
Edinson Cavani,CF,CA Boca Juniors,Club International Cup Campaign 12 Jun '25,Uruguay,81,34,95,dream-team,https://pesdb.net/efootball/players/edinson-cavani-106749264693909
Eldor Shomurodov,AMF,RAMS Başakşehir FK,Trendyol Süper Lig Monthly MVPs Dec '25,Uzbekistan,81,35,99,dream-team,https://pesdb.net/efootball/players/eldor-shomurodov-106757586263695
Emmanuel Agbadou,CB,Beşiktaş JK,Trendyol Süper Lig Monthly MVPs Mar '26,Côte d'Ivoire,81,31,100,dream-team,https://pesdb.net/efootball/players/emmanuel-agbadou-106772350248490
Ernest Muçi,AMF,Trabzonspor,Trendyol Süper Lig Monthly MVPs Nov '25,Albania,81,32,99,dream-team,https://pesdb.net/efootball/players/ernest-muci-106757049455109
Estêvão,RWF,SE Palmeiras,Brazilian League 2024 Season's Best,Brazil,81,35,100,dream-team,https://pesdb.net/efootball/players/estevao-106735306181887
Facundo Torres,RWF,SE Palmeiras,Club International Cup Campaign 12 Jun '25,Uruguay,81,32,95,dream-team,https://pesdb.net/efootball/players/facundo-torres-106749264804803
Felipe Anderson,RWF,SE Palmeiras,Brazilian League Selection 24 Jul '25,Brazil,81,35,100,dream-team,https://pesdb.net/efootball/players/felipe-anderson-106746043477580
Ferdi Kadıoğlu,LB,Fenerbahçe SK,Trendyol Süper Lig Selection 7 Mar '24,Türkiye,81,40,99,dream-team,https://pesdb.net/efootball/players/ferdi-kadioglu-106725105581480
Flaco López,CF,SE Palmeiras,Brazilian League Selection 27 Nov '25,Argentina,81,32,99,dream-team,https://pesdb.net/efootball/players/flaco-lopez-106755975686702
G. de Arrascaeta,AMF,CR Flamengo,Brazilian League 2024 Season's Best,Uruguay,81,36,100,dream-team,https://pesdb.net/efootball/players/g-de-arrascaeta-106735306076245
Gabriel Barbosa,CF,Cruzeiro EC,Brazilian League Selection 27 Nov '25,Brazil,81,34,99,dream-team,https://pesdb.net/efootball/players/gabriel-barbosa-106755975603591
Gabriel Brazão,GK,Santos FC,Brazilian League Kick-off 27 Mar '25,Brazil,81,32,98,dream-team,https://pesdb.net/efootball/players/gabriel-brazao-106737185189658
Ganso,AMF,Fluminense FC,Brazilian League Selection 27 Nov '25,Brazil,81,33,99,dream-team,https://pesdb.net/efootball/players/ganso-106755975587287
Gedson Fernandes,CMF,Beşiktaş JK,Trendyol Süper Lig Selection 7 Mar '24,Portugal,81,39,99,dream-team,https://pesdb.net/efootball/players/gedson-fernandes-106725105593727
Gonzalo Plata,RMF,CR Flamengo,Brasileirão Betano Selection 5 Mar '26,Ecuador,81,35,100,dream-team,https://pesdb.net/efootball/players/gonzalo-plata-106774497723869
Guilherme,LB,TÜMOSAN Konyaspor,Trendyol Süper Lig Monthly MVPs Jan '26,Brazil,81,33,99,dream-team,https://pesdb.net/efootball/players/guilherme-106768323710975
Guilherme Bissoli,CF,Buriram United F.C.,First Half of the Season 10 Apr '25,Brazil,81,32,99,dream-team,https://pesdb.net/efootball/players/guilherme-bissoli-106739601095545
Gustavo Henrique,CB,SC Corinthians Paulista,Brasileirão Betano Selection 7 May '26,Brazil,81,29,99,dream-team,https://pesdb.net/efootball/players/gustavo-henrique-106775034509133
Hosoya Mao,CF,Kashiwa Reysol,J.LEAGUE Monthly MVPs Nov & Dec '25,Japan,81,31,98,dream-team,https://pesdb.net/efootball/players/hosoya-mao-106751680707727
Hugo Souza,GK,SC Corinthians Paulista,Brazilian League Selection 26 Jun '25,Brazil,81,1,86,dream-team,https://pesdb.net/efootball/players/hugo-souza-106744432941483
Hwang Hee-Chan,CF,Korea Republic,International Cup Qualifiers Campaign 13 Mar '25,Korea Republic,81,32,95,dream-team,https://pesdb.net/efootball/players/hwang-hee-chan-106737453614662
James Rodríguez,RWF,Colombia,Show Time Continental Tournaments '24,Colombia,81,41,97,dream-team,https://pesdb.net/efootball/players/james-rodriguez-106731547959917
Kaio Jorge,CF,Cruzeiro EC,Brazilian League Selection 26 Jun '25,Brazil,81,1,86,dream-team,https://pesdb.net/efootball/players/kaio-jorge-106744432947286
Kamada Daichi,AMF,Crystal Palace RB,Summer Transfer 29 Aug '24,Japan,81,39,96,dream-team,https://pesdb.net/efootball/players/kamada-daichi-106731011174389
Kieran Trippier,RB,Newcastle WB,Show Time 8 Jun '23,England,81,40,95,dream-team,https://pesdb.net/efootball/players/kieran-trippier-106653701736395
Krzysztof Piątek,CF,RAMS Başakşehir FK,Trendyol Süper Lig Selection 17 Apr '25,Poland,81,34,99,dream-team,https://pesdb.net/efootball/players/krzysztof-piatek-106742822333228
Lucas Torreira,DMF,Galatasaray SK,Ranking Event Rewards 2027,Uruguay,81,1,86,dream-team,https://pesdb.net/efootball/players/lucas-torreira-106798656890465
Léo Ceará,CF,Kashima Antlers,J.LEAGUE Monthly MVPs Jul '25,Brazil,81,34,99,dream-team,https://pesdb.net/efootball/players/leo-ceara-106749801637288
Léo Ortiz,CB,CR Flamengo,Brazilian League Selection 28 Aug '25,Brazil,81,31,100,dream-team,https://pesdb.net/efootball/players/leo-ortiz-106755170353522
Maarten Paes,GK,Indonesia,GK Directing Defence 29 May '25,Indonesia,81,27,95,dream-team,https://pesdb.net/efootball/players/maarten-paes-106740456734704
Marcos Antônio,CMF,São Paulo F.C.,Brasileirão Betano Selection 5 Mar '26,Brazil,81,35,99,dream-team,https://pesdb.net/efootball/players/marcos-antonio-106774497720318
Matheus Pereira,AMF,Cruzeiro EC,Brazilian League Selection 24 Jul '25,Brazil,81,36,100,dream-team,https://pesdb.net/efootball/players/matheus-pereira-106746043541825
Mauro Icardi,CF,Galatasaray SK,Trendyol Süper Lig Selection 7 Mar '24,Argentina,81,36,99,dream-team,https://pesdb.net/efootball/players/mauro-icardi-106725105514029
Memphis Depay,CF,SC Corinthians Paulista,Brazilian League 2025 Season's Best,Netherlands,81,35,100,dream-team,https://pesdb.net/efootball/players/memphis-depay-106756244027167
Mert Günok,GK,Beşiktaş JK,Trendyol Süper Lig Selection 17 Apr '25,Türkiye,81,35,99,dream-team,https://pesdb.net/efootball/players/mert-gunok-106742822244713
Miyashiro Taisei,AMF,Vissel Kobe,J.LEAGUE Monthly MVPs Jul '25,Japan,81,35,99,dream-team,https://pesdb.net/efootball/players/miyashiro-taisei-106749801654633
Muto Yoshinori,RWF,Vissel Kobe,2024 J.LEAGUE AWARDS,Japan,81,31,99,dream-team,https://pesdb.net/efootball/players/muto-yoshinori-106733695463251
Nagakura Motoki,CF,FC TOKYO,J.LEAGUE Monthly MVPs May '26,Japan,81,34,99,dream-team,https://pesdb.net/efootball/players/nagakura-motoki-106776108361937
Oh Hyeon-Gyu,CF,Beşiktaş JK,Trendyol Süper Lig Monthly MVPs Feb '26,Korea Republic,81,34,99,dream-team,https://pesdb.net/efootball/players/oh-hyeon-gyu-106771008066245
Oh Se-Hun,CF,Shimizu S-Pulse,J.LEAGUE Monthly MVPs Mar '26,Korea Republic,81,34,99,dream-team,https://pesdb.net/efootball/players/oh-se-hun-106775571455574
Osako Yuya,CF,Vissel Kobe,2023 J.LEAGUE AWARDS,Japan,81,34,98,dream-team,https://pesdb.net/efootball/players/osako-yuya-106724031764588
Paul Onuachu,CF,Trabzonspor,Trendyol Süper Lig Monthly MVPs Oct '25,Nigeria,81,32,99,dream-team,https://pesdb.net/efootball/players/paul-onuachu-106757317842567
Paul Onuachu,CF,Trabzonspor,Trendyol Süper Lig Monthly MVPs Sep '25,Nigeria,81,32,99,dream-team,https://pesdb.net/efootball/players/paul-onuachu-106756780971655
Pedro Malheiro,RB,Trabzonspor,Trendyol Süper Lig 24-25 Season's Best,Portugal,81,35,99,dream-team,https://pesdb.net/efootball/players/pedro-malheiro-106744969838454
Ramadhan Sananta,CF,Indonesia,National Teams Selection Southeast Asia 27 Nov '25,Indonesia,81,31,96,dream-team,https://pesdb.net/efootball/players/ramadhan-sananta-106761881287983
Raniele,DMF,SC Corinthians Paulista,Brazilian League Selection 1 May '25,Brazil,81,35,98,dream-team,https://pesdb.net/efootball/players/raniele-106742017042984
Rizky Ridho,CB,Indonesia,National Team Selection Indonesia 22 May '25,Indonesia,81,33,96,dream-team,https://pesdb.net/efootball/players/rizky-ridho-106747167662739
Robert Arboleda,CB,São Paulo F.C.,Brazilian League Selection 26 Jun '25,Ecuador,81,1,86,dream-team,https://pesdb.net/efootball/players/robert-arboleda-106744432885358
Salem Al Dawsari,LWF,Saudi Arabia,AFC Asian Qualifiers™ Selection 22 May '25,Saudi Arabia,81,34,96,dream-team,https://pesdb.net/efootball/players/salem-al-dawsari-106746899117047
Santiago Ramos Mingo,CB,EC Bahia,Brasileirão Betano Selection 9 Apr '26,Argentina,81,29,99,dream-team,https://pesdb.net/efootball/players/santiago-ramos-mingo-106774766159287
Sato Kein,RMF,FC TOKYO,J.LEAGUE Monthly MVPs Apr '26,Japan,81,32,99,dream-team,https://pesdb.net/efootball/players/sato-kein-106775839936861
Soma Yuki,AMF,FC Machida Zelvia,J.LEAGUE Monthly MVPs Feb '26,Japan,81,35,99,dream-team,https://pesdb.net/efootball/players/soma-yuki-106775303024396
Soufiane Rahimi,LWF,FREE,Club International Cup Campaign 12 Jun '25,Morocco,81,34,95,dream-team,https://pesdb.net/efootball/players/soufiane-rahimi-106749281580484
Suphanan Bureerat,RB,Port FC,BYD SEALION 6 LEAGUE 1 Selection 8 Jan '26,Thailand,81,31,98,dream-team,https://pesdb.net/efootball/players/suphanan-bureerat-106760807508595
Suzuki Yuma,CF,Kashima Antlers,J.LEAGUE Monthly MVPs Mar '26,Japan,81,35,100,dream-team,https://pesdb.net/efootball/players/suzuki-yuma-106775571439108
Tanaka Shunta,DMF,Cerezo Osaka,J.LEAGUE Monthly MVPs May '26,Japan,81,35,99,dream-team,https://pesdb.net/efootball/players/tanaka-shunta-106776108339229
Tiquinho Soares,CF,Botafogo FR,Brazilian League 2024 Season's Best,Brazil,81,36,99,dream-team,https://pesdb.net/efootball/players/tiquinho-soares-106735306121991
Usui Shosei,CF,Avispa Fukuoka,J.LEAGUE Monthly MVPs May '26,Japan,81,34,99,dream-team,https://pesdb.net/efootball/players/usui-shosei-106776108377423
Uğurcan Çakır,GK,Galatasaray SK,Trendyol Süper Lig Monthly MVPs Mar '26,Türkiye,81,32,99,dream-team,https://pesdb.net/efootball/players/ugurcan-cakir-106772350228736
Vitor Roque,CF,SE Palmeiras,Brazilian League 2025 Season's Best,Brazil,81,35,100,dream-team,https://pesdb.net/efootball/players/vitor-roque-106756244131805
Vitor Roque,CF,SE Palmeiras,Brazilian League Selection 26 Jun '25,Brazil,81,35,100,dream-team,https://pesdb.net/efootball/players/vitor-roque-106744432971741
Vitão,CB,SC Internacional,Brazilian League 2024 Season's Best,Brazil,81,29,98,dream-team,https://pesdb.net/efootball/players/vitao-106735306130248
Václav Černý,AMF,Beşiktaş JK,Trendyol Süper Lig Monthly MVPs Dec '25,Czechia,81,33,99,dream-team,https://pesdb.net/efootball/players/vaclav-cerny-106757586267102
Weverton,GK,SE Palmeiras,Brazilian League Selection 28 Aug '25,Brazil,81,33,99,dream-team,https://pesdb.net/efootball/players/weverton-106755170302024
Wilfried Singo,CB,Galatasaray SK,Trendyol Süper Lig Monthly MVPs May '26,Côte d'Ivoire,81,31,100,dream-team,https://pesdb.net/efootball/players/wilfried-singo-106779329558490
Wout Weghorst,CF,Netherlands,Show Time 1 Aug '24,Netherlands,81,34,95,dream-team,https://pesdb.net/efootball/players/wout-weghorst-106726716183270
Youssef En Nesyri,CF,Fenerbahçe SK,Trendyol Süper Lig Selection 27 Mar '25,Morocco,81,35,100,dream-team,https://pesdb.net/efootball/players/youssef-en-nesyri-106738527354430
Yunus Akgün,RWF,Galatasaray SK,Trendyol Süper Lig Selection 17 Apr '25,Türkiye,81,34,99,dream-team,https://pesdb.net/efootball/players/yunus-akgun-106742822333706
Óscar Arribas,LMF,Johor Darul Ta'zim FC,Liga Super Malaysia 25-26 Season's Best,Philippines,81,33,99,dream-team,https://pesdb.net/efootball/players/oscar-arribas-106783624511587
Alan Franco,CB,São Paulo F.C.,Brasileirão Betano Selection 9 Apr '26,Argentina,80,31,99,dream-team,https://pesdb.net/efootball/players/alan-franco-106774766141772
Ando Koki,LMF,Mito Hollyhock,J.LEAGUE Monthly MVPs Apr '26,Japan,80,32,98,dream-team,https://pesdb.net/efootball/players/ando-koki-106775839950376
André Ramalho,CB,SC Corinthians Paulista,Brazilian League Selection 24 Jul '25,Brazil,80,33,99,dream-team,https://pesdb.net/efootball/players/andre-ramalho-106746043534334
Anthony Nwakaeme,LWF,Trabzonspor,Trendyol Süper Lig Selection 27 Mar '25,Nigeria,80,35,99,dream-team,https://pesdb.net/efootball/players/anthony-nwakaeme-106738527367026
Christ Inao Oulaï,DMF,Trabzonspor,Trendyol Süper Lig Monthly MVPs Jan '26,Côte d'Ivoire,80,35,98,dream-team,https://pesdb.net/efootball/players/christ-inao-oulai-106768323746308
Esaka Ataru,AMF,Fagiano Okayama,J.LEAGUE Monthly MVPs Feb '26,Japan,80,35,98,dream-team,https://pesdb.net/efootball/players/esaka-ataru-106775303019476
Esteban Andrada,GK,FREE,Liga BBVA MX Selection 25 Jan '24,Argentina,80,32,95,dream-team,https://pesdb.net/efootball/players/esteban-andrada-106724568638035
Everton,CB,True Bangkok United FC,BYD SEALION 6 LEAGUE 1 Selection 8 Jan '26,Brazil,80,27,97,dream-team,https://pesdb.net/efootball/players/everton-106760807508156
Hayakawa Tomoki,GK,Kashima Antlers,J.LEAGUE Monthly MVPs Oct '25,Japan,80,32,97,dream-team,https://pesdb.net/efootball/players/hayakawa-tomoki-106751412284955
Higashi Shunki,LMF,Sanfrecce Hiroshima,J.LEAGUE Monthly MVPs Feb & Mar '25,Japan,80,36,99,dream-team,https://pesdb.net/efootball/players/higashi-shunki-106742285461863
Jesús Alberto Angulo,LB,Nuevo León AA,Liga BBVA MX Selection 25 Jan '24,Mexico,80,35,94,dream-team,https://pesdb.net/efootball/players/jesus-alberto-angulo-106724568715360
Julián Quiñones,CF,Club América,Liga BBVA MX Selection 25 Jan '24,Mexico,80,35,95,dream-team,https://pesdb.net/efootball/players/julian-quinones-106724568715499
Lucas Fernandes,AMF,Cerezo Osaka,J.LEAGUE Monthly MVPs May '25,Brazil,80,35,99,dream-team,https://pesdb.net/efootball/players/lucas-fernandes-106744701366892
Léo Ceará,CF,Kashima Antlers,J.LEAGUE Monthly MVPs Nov & Dec '25,Brazil,80,35,99,dream-team,https://pesdb.net/efootball/players/leo-ceara-106751680685480
Léo Ceará,CF,Kashima Antlers,J.LEAGUE Monthly MVPs Feb & Mar '25,Brazil,80,35,99,dream-team,https://pesdb.net/efootball/players/leo-ceara-106742285444520
Marco Túlio,RWF,Kyoto Sanga F.C.,J.LEAGUE Monthly MVPs Feb '26,Brazil,80,31,98,dream-team,https://pesdb.net/efootball/players/marco-tulio-106775303013036
Matheus Jesus,AMF,V-Varen Nagasaki,2025 J.LEAGUE AWARDS,Brazil,80,32,98,dream-team,https://pesdb.net/efootball/players/matheus-jesus-106751949126357
Miyashiro Taisei,AMF,Vissel Kobe,J.LEAGUE Monthly MVPs May '25,Japan,80,1,85,dream-team,https://pesdb.net/efootball/players/miyashiro-taisei-106744701380969
Muto Yoshinori,SS,Vissel Kobe,J.LEAGUE Monthly MVPs Nov & Dec '24,Japan,80,38,99,dream-team,https://pesdb.net/efootball/players/muto-yoshinori-106733427027795
Nakayama Yuta,DMF,FC Machida Zelvia,J.LEAGUE Monthly MVPs Aug '25,Japan,80,31,97,dream-team,https://pesdb.net/efootball/players/nakayama-yuta-106750606941701
Rafael Elias,CF,Kyoto Sanga F.C.,J.LEAGUE Monthly MVPs Aug '25,Brazil,80,34,98,dream-team,https://pesdb.net/efootball/players/rafael-elias-106750606958423
Rafael Elias,CF,Kyoto Sanga F.C.,J.LEAGUE Monthly MVPs Apr '25,Brazil,80,35,98,dream-team,https://pesdb.net/efootball/players/rafael-elias-106740943282007
Ramadhan Saifullah,LWF,Kuching City FC,Liga Super Malaysia 25-26 Season's Best,Malaysia,80,35,99,dream-team,https://pesdb.net/efootball/players/ramadhan-saifullah-106783624532586
Rick van Drongelen,CB,Samsunspor,Trendyol Süper Lig Monthly MVPs Nov '25,Netherlands,80,29,98,dream-team,https://pesdb.net/efootball/players/rick-van-drongelen-106757049398637
Sato Ryunosuke,LMF,Fagiano Okayama,2025 J.LEAGUE AWARDS,Japan,80,32,98,dream-team,https://pesdb.net/efootball/players/sato-ryunosuke-106751949173604
Sofyan Amrabat,DMF,Morocco,International Cup Qualifiers Campaign 13 Mar '25,Morocco,80,37,95,dream-team,https://pesdb.net/efootball/players/sofyan-amrabat-106737453603113
Suzuki Yuma,CF,Kashima Antlers,J.LEAGUE Monthly MVPs Oct '25,Japan,80,35,99,dream-team,https://pesdb.net/efootball/players/suzuki-yuma-106751412248068
Suzuki Yuma,CF,Kashima Antlers,J.LEAGUE Monthly MVPs Nov & Dec '24,Japan,80,35,98,dream-team,https://pesdb.net/efootball/players/suzuki-yuma-106733427072516
Suzuki Yuma,CF,Kashima Antlers,J.LEAGUE Monthly MVPs May '24,Japan,80,34,98,dream-team,https://pesdb.net/efootball/players/suzuki-yuma-106728326798852
Takai Kota,CB,Kawasaki Frontale,2024 J.LEAGUE AWARDS,Japan,80,29,98,dream-team,https://pesdb.net/efootball/players/takai-kota-106733695550019
Takamine Tomoki,RB,Consadole Sapporo,J.LEAGUE Monthly MVPs Jun '25,Japan,80,33,97,dream-team,https://pesdb.net/efootball/players/takamine-tomoki-106746311998959
Thanawat S.,CMF,Ratchaburi FC,BYD SEALION 6 LEAGUE 1 Selection 8 Jan '26,Thailand,80,33,97,dream-team,https://pesdb.net/efootball/players/thanawat-s-106760807527044
Theerathon Bunmathan,LB,Buriram United F.C.,First Half of the Season 10 Apr '25,Thailand,80,31,97,dream-team,https://pesdb.net/efootball/players/theerathon-bunmathan-106739601041994
Uğurcan Çakır,GK,Trabzonspor,Trendyol Süper Lig Selection 15 May '25,Türkiye,80,35,98,dream-team,https://pesdb.net/efootball/players/ugurcan-cakir-106741748586752
Uğurcan Çakır,GK,Trabzonspor,Trendyol Süper Lig Selection 7 Mar '24,Türkiye,80,32,98,dream-team,https://pesdb.net/efootball/players/ugurcan-cakir-106725105588480
Vitinho,LWF,SC Corinthians Paulista,Brasileirão Betano Selection 9 Apr '26,Brazil,80,35,99,dream-team,https://pesdb.net/efootball/players/vitinho-106774766072775
Václav Černý,RMF,Beşiktaş JK,Trendyol Süper Lig Monthly MVPs Apr '26,Czechia,80,35,99,dream-team,https://pesdb.net/efootball/players/vaclav-cerny-106779061103582
Álvaro Barreal,LMF,Santos FC,Brasileirão Betano Selection 7 May '26,Argentina,80,35,99,dream-team,https://pesdb.net/efootball/players/alvaro-barreal-106775034589169
Élber,LMF,Kashima Antlers,J.LEAGUE Monthly MVPs Mar '26,Brazil,80,35,99,dream-team,https://pesdb.net/efootball/players/elber-106775571379169
Alysson,RMF,Grêmio FBPA,Brazilian League Selection 30 Oct '25,Brazil,79,33,97,dream-team,https://pesdb.net/efootball/players/alysson-106755707278436
Arai Taiki,CMF,Albirex Niigata,J.LEAGUE Monthly MVPs Sep '25,Japan,79,31,96,dream-team,https://pesdb.net/efootball/players/arai-taiki-106751143847877
Disaro' Akira S.,CF,Montedio Yamagata,J.LEAGUE Monthly MVPs Oct '25,Japan,79,34,97,dream-team,https://pesdb.net/efootball/players/disaro-akira-s-106751412275975
Doi Shoma,AMF,Montedio Yamagata,J.LEAGUE Monthly MVPs Nov & Dec '25,Japan,79,33,97,dream-team,https://pesdb.net/efootball/players/doi-shoma-106751680593884
Ito Tatsuya,RMF,Kawasaki Frontale,J.LEAGUE Monthly MVPs Sep '25,Japan,79,32,97,dream-team,https://pesdb.net/efootball/players/ito-tatsuya-106751143834353
Juan Brunetta,AMF,FREE,Liga BBVA MX Selection 25 Jan '24,Argentina,79,36,94,dream-team,https://pesdb.net/efootball/players/juan-brunetta-106724568710537
Komatsu Ren,CF,Blaublitz Akita,J.LEAGUE Monthly MVPs Feb & Mar '25,Japan,79,34,97,dream-team,https://pesdb.net/efootball/players/komatsu-ren-106742285461861
Komori Hiiro,CF,JEF United Chiba,2024 J.LEAGUE AWARDS,Japan,79,34,96,dream-team,https://pesdb.net/efootball/players/komori-hiiro-106733695560490
Kubo Takefusa,RMF,Vasco Gipuzkoa AB,Show Time Spanish League 22-23,Japan,79,41,94,dream-team,https://pesdb.net/efootball/players/kubo-takefusa-106654775499784
Matheus Jesus,AMF,V-Varen Nagasaki,J.LEAGUE Monthly MVPs Aug '25,Brazil,79,33,97,dream-team,https://pesdb.net/efootball/players/matheus-jesus-106750606949077
Nishikawa Jun,SS,Sagan Tosu,J.LEAGUE Monthly MVPs Sep '25,Japan,79,31,97,dream-team,https://pesdb.net/efootball/players/nishikawa-jun-106751143836110
Osako Yuya,CF,Vissel Kobe,J.LEAGUE Monthly MVPs Nov & Dec '23,Japan,79,39,94,dream-team,https://pesdb.net/efootball/players/osako-yuya-106724300200044
Riccardo Calafiori,CB,Arsenal FC,Summer Transfer 29 Aug '24,Italy,79,44,97,dream-team,https://pesdb.net/efootball/players/riccardo-calafiori-106731011181102
Saito Shunsuke,CF,Mito Hollyhock,J.LEAGUE Monthly MVPs Sep '25,Japan,79,31,96,dream-team,https://pesdb.net/efootball/players/saito-shunsuke-106751143874825
Saito Shunsuke,CF,Mito Hollyhock,J.LEAGUE Monthly MVPs Aug '25,Japan,79,31,96,dream-team,https://pesdb.net/efootball/players/saito-shunsuke-106750607003913
Tabei Ryo,CMF,Fagiano Okayama,J.LEAGUE Monthly MVPs Apr '25,Japan,79,35,97,dream-team,https://pesdb.net/efootball/players/tabei-ryo-106740943305465
Tsujioka Yuma,CB,Avispa Fukuoka,J.LEAGUE Monthly MVPs Mar '26,Japan,79,31,98,dream-team,https://pesdb.net/efootball/players/tsujioka-yuma-106775571493490
Yusuf Akçiçek,CB,Fenerbahçe SK,Trendyol Süper Lig Selection 15 May '25,Türkiye,79,29,97,dream-team,https://pesdb.net/efootball/players/yusuf-akcicek-106741748631921
Airton Tirabassi,CB,PT Prachuap FC,First Half of the Season 10 Apr '25,Brazil,78,31,97,dream-team,https://pesdb.net/efootball/players/airton-tirabassi-106739601099092
Disaro' Akira S.,CF,Montedio Yamagata,J.LEAGUE Monthly MVPs Feb & Mar '25,Japan,78,35,97,dream-team,https://pesdb.net/efootball/players/disaro-akira-s-106742285470471
Gurpreet Singh,GK,India,Holi Campaign 6 Mar '25,India,78,1,80,dream-team,https://pesdb.net/efootball/players/gurpreet-singh-106740138000583
Inagaki Sho,CMF,Nagoya Grampus,J.LEAGUE Monthly MVPs Jul '24,Japan,78,41,97,dream-team,https://pesdb.net/efootball/players/inagaki-sho-106730742673245
Ishikawa Daichi,CF,FREE,J.LEAGUE Monthly MVPs Nov & Dec '24,Japan,78,35,96,dream-team,https://pesdb.net/efootball/players/ishikawa-daichi-106733427090746
Kameda Ayumu,AMF,Kataller Toyama,J.LEAGUE Monthly MVPs Nov & Dec '25,Japan,78,33,96,dream-team,https://pesdb.net/efootball/players/kameda-ayumu-106751680752920
Konagaya Chihiro,LWF,FREE,J.LEAGUE Monthly MVPs Jul '25,Japan,78,31,96,dream-team,https://pesdb.net/efootball/players/konagaya-chihiro-106749801697703
Konno Kazuya,AMF,Avispa Fukuoka,J.LEAGUE Monthly MVPs Sep '23,Japan,78,35,92,dream-team,https://pesdb.net/efootball/players/konno-kazuya-106722152807905
Kubo Tojiro,RMF,Kashiwa Reysol,J.LEAGUE Monthly MVPs Jun '25,Japan,78,35,97,dream-team,https://pesdb.net/efootball/players/kubo-tojiro-106746312027375
Kumata Naoki,CF,IWAKI FC,J.LEAGUE Monthly MVPs Jun '25,Japan,78,34,96,dream-team,https://pesdb.net/efootball/players/kumata-naoki-106746312023283
Lucas Barcelos,CF,Tokushima Vortis,J.LEAGUE Monthly MVPs Oct '25,Brazil,78,35,97,dream-team,https://pesdb.net/efootball/players/lucas-barcelos-106751412275715
Mito Shunsuke,LMF,Albirex Niigata,J.LEAGUE Monthly MVPs Sep '23,Japan,78,35,92,dream-team,https://pesdb.net/efootball/players/mito-shunsuke-106722152820546
Mitoma Kaoru,LMF,Brighton WB,Show Time 13 Apr '23,Japan,78,45,94,dream-team,https://pesdb.net/efootball/players/mitoma-kaoru-106653164892044
Nagakura Motoki,CF,FC TOKYO,J.LEAGUE Monthly MVPs Jun '25,Japan,78,35,97,dream-team,https://pesdb.net/efootball/players/nagakura-motoki-106746312026321
Neil Etheridge,GK,Buriram United F.C.,First Half of the Season 10 Apr '25,Philippines,78,33,96,dream-team,https://pesdb.net/efootball/players/neil-etheridge-106739601022272
Paul Onuachu,CF,Trabzonspor,Show Time Trendyol Süper Lig 23-24,Nigeria,78,35,96,dream-team,https://pesdb.net/efootball/players/paul-onuachu-106728058377863
Rémy Cabella,AMF,LOSC Lille,Show Time Ligue 1 Uber Eats 22-23,France,78,49,94,dream-team,https://pesdb.net/efootball/players/remy-cabella-106653970112552
Saito Shunsuke,LMF,Mito Hollyhock,J.LEAGUE Monthly MVPs Jul '25,Japan,78,33,96,dream-team,https://pesdb.net/efootball/players/saito-shunsuke-106749801697545
Takahashi Issei,RB,JEF United Chiba,J.LEAGUE Monthly MVPs Apr '25,Japan,78,35,96,dream-team,https://pesdb.net/efootball/players/takahashi-issei-106740943280920
Toyokawa Yuta,RWF,Kyoto Sanga F.C.,J.LEAGUE Monthly MVPs Nov & Dec '23,Japan,78,31,92,dream-team,https://pesdb.net/efootball/players/toyokawa-yuta-106724300177846
Watanabe Arata,CF,Mito Hollyhock,J.LEAGUE Monthly MVPs May '25,Japan,78,1,83,dream-team,https://pesdb.net/efootball/players/watanabe-arata-106744701377557
Watanabe Arata,CF,Mito Hollyhock,J.LEAGUE Monthly MVPs Apr '25,Japan,78,34,96,dream-team,https://pesdb.net/efootball/players/watanabe-arata-106740943281173
Erik Lima,CF,FC Machida Zelvia,2023 J.LEAGUE AWARDS,Brazil,77,35,95,dream-team,https://pesdb.net/efootball/players/erik-lima-106724031786329
Higuchi Yuta,RMF,Kashima Antlers,J.LEAGUE Monthly MVPs Aug '23,Japan,77,42,93,dream-team,https://pesdb.net/efootball/players/higuchi-yuta-106721615934767
Maekawa Daiya,GK,Vissel Kobe,FUJIFILM SUPER CUP 2024 Selection,Japan,77,36,96,dream-team,https://pesdb.net/efootball/players/maekawa-daiya-106725374024522
Marcos Júnior,AMF,Sanfrecce Hiroshima,J.LEAGUE Monthly MVPs Aug '23,Brazil,77,39,93,dream-team,https://pesdb.net/efootball/players/marcos-junior-106721347417004
Maruyama Yuichi,CB,Kawasaki Frontale,FUJIFILM SUPER CUP 2024 Selection,Japan,77,36,96,dream-team,https://pesdb.net/efootball/players/maruyama-yuichi-106725373919420
Matheus Jesus,CF,V-Varen Nagasaki,J.LEAGUE Monthly MVPs Oct '24,Brazil,77,38,96,dream-team,https://pesdb.net/efootball/players/matheus-jesus-106732890208981
Matheus Jesus,CMF,V-Varen Nagasaki,J.LEAGUE Monthly MVPs Feb & Mar '24,Brazil,77,42,97,dream-team,https://pesdb.net/efootball/players/matheus-jesus-106725910887125
Matsumoto Masaya,RMF,Jubilo Iwata,J.LEAGUE Monthly MVPs Nov & Dec '23,Japan,77,37,92,dream-team,https://pesdb.net/efootball/players/matsumoto-masaya-106724300177886
Nagai Kensuke,CF,Nagoya Grampus,J.LEAGUE Monthly MVPs Sep '24,Japan,77,36,95,dream-team,https://pesdb.net/efootball/players/nagai-kensuke-106732353288463
Nakahara Hikaru,RMF,Tokyo Verdy,J.LEAGUE Monthly MVPs Nov & Dec '23,Japan,77,35,91,dream-team,https://pesdb.net/efootball/players/nakahara-hikaru-106724300294801
Necip Uysal,CB,Beşiktaş JK,Show Time Trendyol Süper Lig 23-24,Türkiye,77,33,95,dream-team,https://pesdb.net/efootball/players/necip-uysal-106728058296169
Rafael Elias,CF,Kyoto Sanga F.C.,J.LEAGUE Monthly MVPs Aug '24,Brazil,77,40,96,dream-team,https://pesdb.net/efootball/players/rafael-elias-106731816476503
Soufiane Rahimi,CF,FREE,AFC Champions League Selection 23 May '24,Morocco,77,39,93,dream-team,https://pesdb.net/efootball/players/soufiane-rahimi-106729954227652
Suzuki Junya,RB,FC Machida Zelvia,J.LEAGUE Monthly MVPs Sep '23,Japan,77,37,91,dream-team,https://pesdb.net/efootball/players/suzuki-junya-106722152818684
Suzuki Yoshinori,CB,Shimizu S-Pulse,J.LEAGUE Monthly MVPs Aug '23,Japan,77,34,93,dream-team,https://pesdb.net/efootball/players/suzuki-yoshinori-106721615928096
Takae Leo,CMF,Montedio Yamagata,J.LEAGUE Monthly MVPs Nov & Dec '24,Japan,77,42,96,dream-team,https://pesdb.net/efootball/players/takae-leo-106733427081931
Tawaratsumida Kota,LMF,FC TOKYO,J.LEAGUE Monthly MVPs Oct '23,Japan,77,38,92,dream-team,https://pesdb.net/efootball/players/tawaratsumida-kota-106722689704521
Thiago Santana,CF,Urawa Reds,J.LEAGUE Monthly MVPs Apr '24,Brazil,77,38,96,dream-team,https://pesdb.net/efootball/players/thiago-santana-106726984622957
Uenaka Asahi,AMF,FREE,AFC Champions League Selection 23 May '24,Japan,77,42,93,dream-team,https://pesdb.net/efootball/players/uenaka-asahi-106729954218331
Doi Shoma,AMF,Montedio Yamagata,J.LEAGUE Monthly MVPs Aug '24,Japan,76,42,96,dream-team,https://pesdb.net/efootball/players/doi-shoma-106731816370140
Fukumori Akito,CB,Yokohama FC,J.LEAGUE Monthly MVPs Jun '24,Japan,76,36,95,dream-team,https://pesdb.net/efootball/players/fukumori-akito-106729668886506
Gleyson,CF,Fagiano Okayama,J.LEAGUE Monthly MVPs Feb & Mar '24,Brazil,76,37,94,dream-team,https://pesdb.net/efootball/players/gleyson-106725910940725
Hirakawa Yu,RMF,FC Machida Zelvia,J.LEAGUE Monthly MVPs Feb & Mar '24,Japan,76,42,96,dream-team,https://pesdb.net/efootball/players/hirakawa-yu-106725910925493
Inukai Tomoya,CB,Kashiwa Reysol,J.LEAGUE Monthly MVPs May '24,Japan,76,34,95,dream-team,https://pesdb.net/efootball/players/inukai-tomoya-106728326709514
Juanma Delgado,CF,V-Varen Nagasaki,2023 J.LEAGUE AWARDS,Spain,76,39,95,dream-team,https://pesdb.net/efootball/players/juanma-delgado-106724031840041
Komori Hiiro,CF,JEF United Chiba,J.LEAGUE Monthly MVPs Sep '24,Japan,76,39,95,dream-team,https://pesdb.net/efootball/players/komori-hiiro-106732353383210
Lukian,CF,Shonan Bellmare,J.LEAGUE Monthly MVPs Jul '24,Brazil,76,39,95,dream-team,https://pesdb.net/efootball/players/lukian-106730742737516
Matheus Pereira,CB,Oita Trinita,J.LEAGUE Monthly MVPs Aug '24,Brazil,76,31,94,dream-team,https://pesdb.net/efootball/players/matheus-pereira-106731816468851
Nakajima Motohiko,CF,Vegalta Sendai,J.LEAGUE Monthly MVPs May '24,Japan,76,41,95,dream-team,https://pesdb.net/efootball/players/nakajima-motohiko-106728326815314
Suzuki Akito,CF,Shonan Bellmare,J.LEAGUE Monthly MVPs Sep '24,Japan,76,40,95,dream-team,https://pesdb.net/efootball/players/suzuki-akito-106732353376912
Suzuki Junnosuke,CB,Shonan Bellmare,J.LEAGUE Monthly MVPs Oct '24,Japan,76,29,94,dream-team,https://pesdb.net/efootball/players/suzuki-junnosuke-106732890247823
Taguchi Taishi,CMF,JEF United Chiba,J.LEAGUE Monthly MVPs Sep '23,Japan,76,44,92,dream-team,https://pesdb.net/efootball/players/taguchi-taishi-106722152716346
Taniguchi Kaito,CF,Albirex Niigata,J.LEAGUE Monthly MVPs Feb & Mar '24,Japan,76,41,95,dream-team,https://pesdb.net/efootball/players/taniguchi-kaito-106725910915010
Usami Takashi,AMF,Gamba Osaka,J.LEAGUE Monthly MVPs Oct '24,Japan,76,43,95,dream-team,https://pesdb.net/efootball/players/usami-takashi-106732890153023
Usami Takashi,CF,Gamba Osaka,J.LEAGUE Monthly MVPs Jun '24,Japan,76,40,95,dream-team,https://pesdb.net/efootball/players/usami-takashi-106729668927551
Furukawa Yosuke,LMF,Jubilo Iwata,J.LEAGUE Monthly MVPs Jun '24,Japan,75,41,95,dream-team,https://pesdb.net/efootball/players/furukawa-yosuke-106729669022427
Germain Ryo,CF,Jubilo Iwata,J.LEAGUE Monthly MVPs Apr '24,Japan,75,39,94,dream-team,https://pesdb.net/efootball/players/germain-ryo-106726984637275
Hashimoto Kento,LMF,Tokushima Vortis,J.LEAGUE Monthly MVPs Apr '24,Japan,75,39,95,dream-team,https://pesdb.net/efootball/players/hashimoto-kento-106726984654186
Kitagawa Koya,CF,Shimizu S-Pulse,J.LEAGUE Monthly MVPs Apr '24,Japan,75,39,94,dream-team,https://pesdb.net/efootball/players/kitagawa-koya-106726984637266
Miyamoto Eiji,CMF,Albirex Niigata,J.LEAGUE Monthly MVPs Aug '24,Japan,75,42,95,dream-team,https://pesdb.net/efootball/players/miyamoto-eiji-106731816512920
Taguchi Taishi,DMF,JEF United Chiba,J.LEAGUE Monthly MVPs Jun '24,Japan,75,43,94,dream-team,https://pesdb.net/efootball/players/taguchi-taishi-106729668909114
Tomii Daiki,GK,Shonan Bellmare,J.LEAGUE Monthly MVPs Oct '23,Japan,75,36,91,dream-team,https://pesdb.net/efootball/players/tomii-daiki-106722689565051
Uno Zento,CMF,FC Machida Zelvia,J.LEAGUE Monthly MVPs Oct '23,Japan,75,44,91,dream-team,https://pesdb.net/efootball/players/uno-zento-106722689700549
Watari Daiki,CF,Tokushima Vortis,J.LEAGUE Monthly MVPs Sep '24,Japan,75,35,93,dream-team,https://pesdb.net/efootball/players/watari-daiki-106732353241291
Yajima Shinya,LMF,Shimizu S-Pulse,J.LEAGUE Monthly MVPs May '24,Japan,75,41,95,dream-team,https://pesdb.net/efootball/players/yajima-shinya-106728326709489
Yamura Ken,CF,Fujieda MYFC,J.LEAGUE Monthly MVPs Oct '24,Japan,75,38,94,dream-team,https://pesdb.net/efootball/players/yamura-ken-106732890224447
Yamura Ken,CF,Fujieda MYFC,J.LEAGUE Monthly MVPs Jul '24,Japan,75,39,94,dream-team,https://pesdb.net/efootball/players/yamura-ken-106730742740799
Nagaki Ryota,DMF,Tokushima Vortis,J.LEAGUE Monthly MVPs Jul '24,Japan,74,43,94,dream-team,https://pesdb.net/efootball/players/nagaki-ryota-106730742628444
Nakagawa Kazaki,AMF,Fujieda MYFC,J.LEAGUE Monthly MVPs Oct '23,Japan,74,50,91,dream-team,https://pesdb.net/efootball/players/nakagawa-kazaki-106722689675517
Nakamura Keita,CMF,V-Varen Nagasaki,J.LEAGUE Monthly MVPs Aug '23,Japan,74,45,90,dream-team,https://pesdb.net/efootball/players/nakamura-keita-106721347492939
Saito Shunsuke,RMF,Mito Hollyhock,J.LEAGUE Monthly MVPs May '25,Japan,74,1,79,dream-team,https://pesdb.net/efootball/players/saito-shunsuke-106744701423881
